Sample:,Donor,Tissue,Stimulation,CD56status,CountCD56,T cells/MR1T cells/Va7.2+ CD161+/CD56+/Gnly+GzmB+IFNg+IL10+IL17A+IL22+Perforin+TNF+ | Count,T cells/MR1T cells/Va7.2+ CD161+/CD56+/Gnly+GzmB+IFNg+IL10+IL17A+IL22+Perforin+TNF- | Count,T cells/MR1T cells/Va7.2+ CD161+/CD56+/Gnly+GzmB+IFNg+IL10+IL17A+IL22+Perforin-TNF+ | Count,T cells/MR1T cells/Va7.2+ CD161+/CD56+/Gnly+GzmB+IFNg+IL10+IL17A+IL22+Perforin-TNF- | Count,T cells/MR1T cells/Va7.2+ CD161+/CD56+/Gnly+GzmB+IFNg+IL10+IL17A+IL22-Perforin+TNF+ | Count,T cells/MR1T cells/Va7.2+ CD161+/CD56+/Gnly+GzmB+IFNg+IL10+IL17A+IL22-Perforin+TNF- | Count,T cells/MR1T cells/Va7.2+ CD161+/CD56+/Gnly+GzmB+IFNg+IL10+IL17A+IL22-Perforin-TNF+ | Count,T cells/MR1T cells/Va7.2+ CD161+/CD56+/Gnly+GzmB+IFNg+IL10+IL17A+IL22-Perforin-TNF- | Count,T cells/MR1T cells/Va7.2+ CD161+/CD56+/Gnly+GzmB+IFNg+IL10+IL17A-IL22+Perforin+TNF+ | Count,T cells/MR1T cells/Va7.2+ CD161+/CD56+/Gnly+GzmB+IFNg+IL10+IL17A-IL22+Perforin+TNF- | Count,T cells/MR1T cells/Va7.2+ CD161+/CD56+/Gnly+GzmB+IFNg+IL10+IL17A-IL22+Perforin-TNF+ | Count,T cells/MR1T cells/Va7.2+ CD161+/CD56+/Gnly+GzmB+IFNg+IL10+IL17A-IL22+Perforin-TNF- | Count,T cells/MR1T cells/Va7.2+ CD161+/CD56+/Gnly+GzmB+IFNg+IL10+IL17A-IL22-Perforin+TNF+ | Count,T cells/MR1T cells/Va7.2+ CD161+/CD56+/Gnly+GzmB+IFNg+IL10+IL17A-IL22-Perforin+TNF- | Count,T cells/MR1T cells/Va7.2+ CD161+/CD56+/Gnly+GzmB+IFNg+IL10+IL17A-IL22-Perforin-TNF+ | Count,T cells/MR1T cells/Va7.2+ CD161+/CD56+/Gnly+GzmB+IFNg+IL10+IL17A-IL22-Perforin-TNF- | Count,T cells/MR1T cells/Va7.2+ CD161+/CD56+/Gnly+GzmB+IFNg+IL10-IL17A+IL22+Perforin+TNF+ | Count,T cells/MR1T cells/Va7.2+ CD161+/CD56+/Gnly+GzmB+IFNg+IL10-IL17A+IL22+Perforin+TNF- | Count,T cells/MR1T cells/Va7.2+ CD161+/CD56+/Gnly+GzmB+IFNg+IL10-IL17A+IL22+Perforin-TNF+ | Count,T cells/MR1T cells/Va7.2+ CD161+/CD56+/Gnly+GzmB+IFNg+IL10-IL17A+IL22+Perforin-TNF- | Count,T cells/MR1T cells/Va7.2+ CD161+/CD56+/Gnly+GzmB+IFNg+IL10-IL17A+IL22-Perforin+TNF+ | Count,T cells/MR1T cells/Va7.2+ CD161+/CD56+/Gnly+GzmB+IFNg+IL10-IL17A+IL22-Perforin+TNF- | Count,T cells/MR1T cells/Va7.2+ CD161+/CD56+/Gnly+GzmB+IFNg+IL10-IL17A+IL22-Perforin-TNF+ | Count,T cells/MR1T cells/Va7.2+ CD161+/CD56+/Gnly+GzmB+IFNg+IL10-IL17A+IL22-Perforin-TNF- | Count,T cells/MR1T cells/Va7.2+ CD161+/CD56+/Gnly+GzmB+IFNg+IL10-IL17A-IL22+Perforin+TNF+ | Count,T cells/MR1T cells/Va7.2+ CD161+/CD56+/Gnly+GzmB+IFNg+IL10-IL17A-IL22+Perforin+TNF- | Count,T cells/MR1T cells/Va7.2+ CD161+/CD56+/Gnly+GzmB+IFNg+IL10-IL17A-IL22+Perforin-TNF+ | Count,T cells/MR1T cells/Va7.2+ CD161+/CD56+/Gnly+GzmB+IFNg+IL10-IL17A-IL22+Perforin-TNF- | Count,T cells/MR1T cells/Va7.2+ CD161+/CD56+/Gnly+GzmB+IFNg+IL10-IL17A-IL22-Perforin+TNF+ | Count,T cells/MR1T cells/Va7.2+ CD161+/CD56+/Gnly+GzmB+IFNg+IL10-IL17A-IL22-Perforin+TNF- | Count,T cells/MR1T cells/Va7.2+ CD161+/CD56+/Gnly+GzmB+IFNg+IL10-IL17A-IL22-Perforin-TNF+ | Count,T cells/MR1T cells/Va7.2+ CD161+/CD56+/Gnly+GzmB+IFNg+IL10-IL17A-IL22-Perforin-TNF- | Count,T cells/MR1T cells/Va7.2+ CD161+/CD56+/Gnly+GzmB+IFNg-IL10+IL17A+IL22+Perforin+TNF+ | Count,T cells/MR1T cells/Va7.2+ CD161+/CD56+/Gnly+GzmB+IFNg-IL10+IL17A+IL22+Perforin+TNF- | Count,T cells/MR1T cells/Va7.2+ CD161+/CD56+/Gnly+GzmB+IFNg-IL10+IL17A+IL22+Perforin-TNF+ | Count,T cells/MR1T cells/Va7.2+ CD161+/CD56+/Gnly+GzmB+IFNg-IL10+IL17A+IL22+Perforin-TNF- | Count,T cells/MR1T cells/Va7.2+ CD161+/CD56+/Gnly+GzmB+IFNg-IL10+IL17A+IL22-Perforin+TNF+ | Count,T cells/MR1T cells/Va7.2+ CD161+/CD56+/Gnly+GzmB+IFNg-IL10+IL17A+IL22-Perforin+TNF- | Count,T cells/MR1T cells/Va7.2+ CD161+/CD56+/Gnly+GzmB+IFNg-IL10+IL17A+IL22-Perforin-TNF+ | Count,T cells/MR1T cells/Va7.2+ CD161+/CD56+/Gnly+GzmB+IFNg-IL10+IL17A+IL22-Perforin-TNF- | Count,T cells/MR1T cells/Va7.2+ CD161+/CD56+/Gnly+GzmB+IFNg-IL10+IL17A-IL22+Perforin+TNF+ | Count,T cells/MR1T cells/Va7.2+ CD161+/CD56+/Gnly+GzmB+IFNg-IL10+IL17A-IL22+Perforin+TNF- | Count,T cells/MR1T cells/Va7.2+ CD161+/CD56+/Gnly+GzmB+IFNg-IL10+IL17A-IL22+Perforin-TNF+ | Count,T cells/MR1T cells/Va7.2+ CD161+/CD56+/Gnly+GzmB+IFNg-IL10+IL17A-IL22+Perforin-TNF- | Count,T cells/MR1T cells/Va7.2+ CD161+/CD56+/Gnly+GzmB+IFNg-IL10+IL17A-IL22-Perforin+TNF+ | Count,T cells/MR1T cells/Va7.2+ CD161+/CD56+/Gnly+GzmB+IFNg-IL10+IL17A-IL22-Perforin+TNF- | Count,T cells/MR1T cells/Va7.2+ CD161+/CD56+/Gnly+GzmB+IFNg-IL10+IL17A-IL22-Perforin-TNF+ | Count,T cells/MR1T cells/Va7.2+ CD161+/CD56+/Gnly+GzmB+IFNg-IL10+IL17A-IL22-Perforin-TNF- | Count,T cells/MR1T cells/Va7.2+ CD161+/CD56+/Gnly+GzmB+IFNg-IL10-IL17A+IL22+Perforin+TNF+ | Count,T cells/MR1T cells/Va7.2+ CD161+/CD56+/Gnly+GzmB+IFNg-IL10-IL17A+IL22+Perforin+TNF- | Count,T cells/MR1T cells/Va7.2+ CD161+/CD56+/Gnly+GzmB+IFNg-IL10-IL17A+IL22+Perforin-TNF+ | Count,T cells/MR1T cells/Va7.2+ CD161+/CD56+/Gnly+GzmB+IFNg-IL10-IL17A+IL22+Perforin-TNF- | Count,T cells/MR1T cells/Va7.2+ CD161+/CD56+/Gnly+GzmB+IFNg-IL10-IL17A+IL22-Perforin+TNF+ | Count,T cells/MR1T cells/Va7.2+ CD161+/CD56+/Gnly+GzmB+IFNg-IL10-IL17A+IL22-Perforin+TNF- | Count,T cells/MR1T cells/Va7.2+ CD161+/CD56+/Gnly+GzmB+IFNg-IL10-IL17A+IL22-Perforin-TNF+ | Count,T cells/MR1T cells/Va7.2+ CD161+/CD56+/Gnly+GzmB+IFNg-IL10-IL17A+IL22-Perforin-TNF- | Count,T cells/MR1T cells/Va7.2+ CD161+/CD56+/Gnly+GzmB+IFNg-IL10-IL17A-IL22+Perforin+TNF+ | Count,T cells/MR1T cells/Va7.2+ CD161+/CD56+/Gnly+GzmB+IFNg-IL10-IL17A-IL22+Perforin+TNF- | Count,T cells/MR1T cells/Va7.2+ CD161+/CD56+/Gnly+GzmB+IFNg-IL10-IL17A-IL22+Perforin-TNF+ | Count,T cells/MR1T cells/Va7.2+ CD161+/CD56+/Gnly+GzmB+IFNg-IL10-IL17A-IL22+Perforin-TNF- | Count,T cells/MR1T cells/Va7.2+ CD161+/CD56+/Gnly+GzmB+IFNg-IL10-IL17A-IL22-Perforin+TNF+ | Count,T cells/MR1T cells/Va7.2+ CD161+/CD56+/Gnly+GzmB+IFNg-IL10-IL17A-IL22-Perforin+TNF- | Count,T cells/MR1T cells/Va7.2+ CD161+/CD56+/Gnly+GzmB+IFNg-IL10-IL17A-IL22-Perforin-TNF+ | Count,T cells/MR1T cells/Va7.2+ CD161+/CD56+/Gnly+GzmB+IFNg-IL10-IL17A-IL22-Perforin-TNF- | Count,T cells/MR1T cells/Va7.2+ CD161+/CD56+/Gnly+GzmB-IFNg+IL10+IL17A+IL22+Perforin+TNF+ | Count,T cells/MR1T cells/Va7.2+ CD161+/CD56+/Gnly+GzmB-IFNg+IL10+IL17A+IL22+Perforin+TNF- | Count,T cells/MR1T cells/Va7.2+ CD161+/CD56+/Gnly+GzmB-IFNg+IL10+IL17A+IL22+Perforin-TNF+ | Count,T cells/MR1T cells/Va7.2+ CD161+/CD56+/Gnly+GzmB-IFNg+IL10+IL17A+IL22+Perforin-TNF- | Count,T cells/MR1T cells/Va7.2+ CD161+/CD56+/Gnly+GzmB-IFNg+IL10+IL17A+IL22-Perforin+TNF+ | Count,T cells/MR1T cells/Va7.2+ CD161+/CD56+/Gnly+GzmB-IFNg+IL10+IL17A+IL22-Perforin+TNF- | Count,T cells/MR1T cells/Va7.2+ CD161+/CD56+/Gnly+GzmB-IFNg+IL10+IL17A+IL22-Perforin-TNF+ | Count,T cells/MR1T cells/Va7.2+ CD161+/CD56+/Gnly+GzmB-IFNg+IL10+IL17A+IL22-Perforin-TNF- | Count,T cells/MR1T cells/Va7.2+ CD161+/CD56+/Gnly+GzmB-IFNg+IL10+IL17A-IL22+Perforin+TNF+ | Count,T cells/MR1T cells/Va7.2+ CD161+/CD56+/Gnly+GzmB-IFNg+IL10+IL17A-IL22+Perforin+TNF- | Count,T cells/MR1T cells/Va7.2+ CD161+/CD56+/Gnly+GzmB-IFNg+IL10+IL17A-IL22+Perforin-TNF+ | Count,T cells/MR1T cells/Va7.2+ CD161+/CD56+/Gnly+GzmB-IFNg+IL10+IL17A-IL22+Perforin-TNF- | Count,T cells/MR1T cells/Va7.2+ CD161+/CD56+/Gnly+GzmB-IFNg+IL10+IL17A-IL22-Perforin+TNF+ | Count,T cells/MR1T cells/Va7.2+ CD161+/CD56+/Gnly+GzmB-IFNg+IL10+IL17A-IL22-Perforin+TNF- | Count,T cells/MR1T cells/Va7.2+ CD161+/CD56+/Gnly+GzmB-IFNg+IL10+IL17A-IL22-Perforin-TNF+ | Count,T cells/MR1T cells/Va7.2+ CD161+/CD56+/Gnly+GzmB-IFNg+IL10+IL17A-IL22-Perforin-TNF- | Count,T cells/MR1T cells/Va7.2+ CD161+/CD56+/Gnly+GzmB-IFNg+IL10-IL17A+IL22+Perforin+TNF+ | Count,T cells/MR1T cells/Va7.2+ CD161+/CD56+/Gnly+GzmB-IFNg+IL10-IL17A+IL22+Perforin+TNF- | Count,T cells/MR1T cells/Va7.2+ CD161+/CD56+/Gnly+GzmB-IFNg+IL10-IL17A+IL22+Perforin-TNF+ | Count,T cells/MR1T cells/Va7.2+ CD161+/CD56+/Gnly+GzmB-IFNg+IL10-IL17A+IL22+Perforin-TNF- | Count,T cells/MR1T cells/Va7.2+ CD161+/CD56+/Gnly+GzmB-IFNg+IL10-IL17A+IL22-Perforin+TNF+ | Count,T cells/MR1T cells/Va7.2+ CD161+/CD56+/Gnly+GzmB-IFNg+IL10-IL17A+IL22-Perforin+TNF- | Count,T cells/MR1T cells/Va7.2+ CD161+/CD56+/Gnly+GzmB-IFNg+IL10-IL17A+IL22-Perforin-TNF+ | Count,T cells/MR1T cells/Va7.2+ CD161+/CD56+/Gnly+GzmB-IFNg+IL10-IL17A+IL22-Perforin-TNF- | Count,T cells/MR1T cells/Va7.2+ CD161+/CD56+/Gnly+GzmB-IFNg+IL10-IL17A-IL22+Perforin+TNF+ | Count,T cells/MR1T cells/Va7.2+ CD161+/CD56+/Gnly+GzmB-IFNg+IL10-IL17A-IL22+Perforin+TNF- | Count,T cells/MR1T cells/Va7.2+ CD161+/CD56+/Gnly+GzmB-IFNg+IL10-IL17A-IL22+Perforin-TNF+ | Count,T cells/MR1T cells/Va7.2+ CD161+/CD56+/Gnly+GzmB-IFNg+IL10-IL17A-IL22+Perforin-TNF- | Count,T cells/MR1T cells/Va7.2+ CD161+/CD56+/Gnly+GzmB-IFNg+IL10-IL17A-IL22-Perforin+TNF+ | Count,T cells/MR1T cells/Va7.2+ CD161+/CD56+/Gnly+GzmB-IFNg+IL10-IL17A-IL22-Perforin+TNF- | Count,T cells/MR1T cells/Va7.2+ CD161+/CD56+/Gnly+GzmB-IFNg+IL10-IL17A-IL22-Perforin-TNF+ | Count,T cells/MR1T cells/Va7.2+ CD161+/CD56+/Gnly+GzmB-IFNg+IL10-IL17A-IL22-Perforin-TNF- | Count,T cells/MR1T cells/Va7.2+ CD161+/CD56+/Gnly+GzmB-IFNg-IL10+IL17A+IL22+Perforin+TNF+ | Count,T cells/MR1T cells/Va7.2+ CD161+/CD56+/Gnly+GzmB-IFNg-IL10+IL17A+IL22+Perforin+TNF- | Count,T cells/MR1T cells/Va7.2+ CD161+/CD56+/Gnly+GzmB-IFNg-IL10+IL17A+IL22+Perforin-TNF+ | Count,T cells/MR1T cells/Va7.2+ CD161+/CD56+/Gnly+GzmB-IFNg-IL10+IL17A+IL22+Perforin-TNF- | Count,T cells/MR1T cells/Va7.2+ CD161+/CD56+/Gnly+GzmB-IFNg-IL10+IL17A+IL22-Perforin+TNF+ | Count,T cells/MR1T cells/Va7.2+ CD161+/CD56+/Gnly+GzmB-IFNg-IL10+IL17A+IL22-Perforin+TNF- | Count,T cells/MR1T cells/Va7.2+ CD161+/CD56+/Gnly+GzmB-IFNg-IL10+IL17A+IL22-Perforin-TNF+ | Count,T cells/MR1T cells/Va7.2+ CD161+/CD56+/Gnly+GzmB-IFNg-IL10+IL17A+IL22-Perforin-TNF- | Count,T cells/MR1T cells/Va7.2+ CD161+/CD56+/Gnly+GzmB-IFNg-IL10+IL17A-IL22+Perforin+TNF+ | Count,T cells/MR1T cells/Va7.2+ CD161+/CD56+/Gnly+GzmB-IFNg-IL10+IL17A-IL22+Perforin+TNF- | Count,T cells/MR1T cells/Va7.2+ CD161+/CD56+/Gnly+GzmB-IFNg-IL10+IL17A-IL22+Perforin-TNF+ | Count,T cells/MR1T cells/Va7.2+ CD161+/CD56+/Gnly+GzmB-IFNg-IL10+IL17A-IL22+Perforin-TNF- | Count,T cells/MR1T cells/Va7.2+ CD161+/CD56+/Gnly+GzmB-IFNg-IL10+IL17A-IL22-Perforin+TNF+ | Count,T cells/MR1T cells/Va7.2+ CD161+/CD56+/Gnly+GzmB-IFNg-IL10+IL17A-IL22-Perforin+TNF- | Count,T cells/MR1T cells/Va7.2+ CD161+/CD56+/Gnly+GzmB-IFNg-IL10+IL17A-IL22-Perforin-TNF+ | Count,T cells/MR1T cells/Va7.2+ CD161+/CD56+/Gnly+GzmB-IFNg-IL10+IL17A-IL22-Perforin-TNF- | Count,T cells/MR1T cells/Va7.2+ CD161+/CD56+/Gnly+GzmB-IFNg-IL10-IL17A+IL22+Perforin+TNF+ | Count,T cells/MR1T cells/Va7.2+ CD161+/CD56+/Gnly+GzmB-IFNg-IL10-IL17A+IL22+Perforin+TNF- | Count,T cells/MR1T cells/Va7.2+ CD161+/CD56+/Gnly+GzmB-IFNg-IL10-IL17A+IL22+Perforin-TNF+ | Count,T cells/MR1T cells/Va7.2+ CD161+/CD56+/Gnly+GzmB-IFNg-IL10-IL17A+IL22+Perforin-TNF- | Count,T cells/MR1T cells/Va7.2+ CD161+/CD56+/Gnly+GzmB-IFNg-IL10-IL17A+IL22-Perforin+TNF+ | Count,T cells/MR1T cells/Va7.2+ CD161+/CD56+/Gnly+GzmB-IFNg-IL10-IL17A+IL22-Perforin+TNF- | Count,T cells/MR1T cells/Va7.2+ CD161+/CD56+/Gnly+GzmB-IFNg-IL10-IL17A+IL22-Perforin-TNF+ | Count,T cells/MR1T cells/Va7.2+ CD161+/CD56+/Gnly+GzmB-IFNg-IL10-IL17A+IL22-Perforin-TNF- | Count,T cells/MR1T cells/Va7.2+ CD161+/CD56+/Gnly+GzmB-IFNg-IL10-IL17A-IL22+Perforin+TNF+ | Count,T cells/MR1T cells/Va7.2+ CD161+/CD56+/Gnly+GzmB-IFNg-IL10-IL17A-IL22+Perforin+TNF- | Count,T cells/MR1T cells/Va7.2+ CD161+/CD56+/Gnly+GzmB-IFNg-IL10-IL17A-IL22+Perforin-TNF+ | Count,T cells/MR1T cells/Va7.2+ CD161+/CD56+/Gnly+GzmB-IFNg-IL10-IL17A-IL22+Perforin-TNF- | Count,T cells/MR1T cells/Va7.2+ CD161+/CD56+/Gnly+GzmB-IFNg-IL10-IL17A-IL22-Perforin+TNF+ | Count,T cells/MR1T cells/Va7.2+ CD161+/CD56+/Gnly+GzmB-IFNg-IL10-IL17A-IL22-Perforin+TNF- | Count,T cells/MR1T cells/Va7.2+ CD161+/CD56+/Gnly+GzmB-IFNg-IL10-IL17A-IL22-Perforin-TNF+ | Count,T cells/MR1T cells/Va7.2+ CD161+/CD56+/Gnly+GzmB-IFNg-IL10-IL17A-IL22-Perforin-TNF- | Count,T cells/MR1T cells/Va7.2+ CD161+/CD56+/Gnly-GzmB+IFNg+IL10+IL17A+IL22+Perforin+TNF+ | Count,T cells/MR1T cells/Va7.2+ CD161+/CD56+/Gnly-GzmB+IFNg+IL10+IL17A+IL22+Perforin+TNF- | Count,T cells/MR1T cells/Va7.2+ CD161+/CD56+/Gnly-GzmB+IFNg+IL10+IL17A+IL22+Perforin-TNF+ | Count,T cells/MR1T cells/Va7.2+ CD161+/CD56+/Gnly-GzmB+IFNg+IL10+IL17A+IL22+Perforin-TNF- | Count,T cells/MR1T cells/Va7.2+ CD161+/CD56+/Gnly-GzmB+IFNg+IL10+IL17A+IL22-Perforin+TNF+ | Count,T cells/MR1T cells/Va7.2+ CD161+/CD56+/Gnly-GzmB+IFNg+IL10+IL17A+IL22-Perforin+TNF- | Count,T cells/MR1T cells/Va7.2+ CD161+/CD56+/Gnly-GzmB+IFNg+IL10+IL17A+IL22-Perforin-TNF+ | Count,T cells/MR1T cells/Va7.2+ CD161+/CD56+/Gnly-GzmB+IFNg+IL10+IL17A+IL22-Perforin-TNF- | Count,T cells/MR1T cells/Va7.2+ CD161+/CD56+/Gnly-GzmB+IFNg+IL10+IL17A-IL22+Perforin+TNF+ | Count,T cells/MR1T cells/Va7.2+ CD161+/CD56+/Gnly-GzmB+IFNg+IL10+IL17A-IL22+Perforin+TNF- | Count,T cells/MR1T cells/Va7.2+ CD161+/CD56+/Gnly-GzmB+IFNg+IL10+IL17A-IL22+Perforin-TNF+ | Count,T cells/MR1T cells/Va7.2+ CD161+/CD56+/Gnly-GzmB+IFNg+IL10+IL17A-IL22+Perforin-TNF- | Count,T cells/MR1T cells/Va7.2+ CD161+/CD56+/Gnly-GzmB+IFNg+IL10+IL17A-IL22-Perforin+TNF+ | Count,T cells/MR1T cells/Va7.2+ CD161+/CD56+/Gnly-GzmB+IFNg+IL10+IL17A-IL22-Perforin+TNF- | Count,T cells/MR1T cells/Va7.2+ CD161+/CD56+/Gnly-GzmB+IFNg+IL10+IL17A-IL22-Perforin-TNF+ | Count,T cells/MR1T cells/Va7.2+ CD161+/CD56+/Gnly-GzmB+IFNg+IL10+IL17A-IL22-Perforin-TNF- | Count,T cells/MR1T cells/Va7.2+ CD161+/CD56+/Gnly-GzmB+IFNg+IL10-IL17A+IL22+Perforin+TNF+ | Count,T cells/MR1T cells/Va7.2+ CD161+/CD56+/Gnly-GzmB+IFNg+IL10-IL17A+IL22+Perforin+TNF- | Count,T cells/MR1T cells/Va7.2+ CD161+/CD56+/Gnly-GzmB+IFNg+IL10-IL17A+IL22+Perforin-TNF+ | Count,T cells/MR1T cells/Va7.2+ CD161+/CD56+/Gnly-GzmB+IFNg+IL10-IL17A+IL22+Perforin-TNF- | Count,T cells/MR1T cells/Va7.2+ CD161+/CD56+/Gnly-GzmB+IFNg+IL10-IL17A+IL22-Perforin+TNF+ | Count,T cells/MR1T cells/Va7.2+ CD161+/CD56+/Gnly-GzmB+IFNg+IL10-IL17A+IL22-Perforin+TNF- | Count,T cells/MR1T cells/Va7.2+ CD161+/CD56+/Gnly-GzmB+IFNg+IL10-IL17A+IL22-Perforin-TNF+ | Count,T cells/MR1T cells/Va7.2+ CD161+/CD56+/Gnly-GzmB+IFNg+IL10-IL17A+IL22-Perforin-TNF- | Count,T cells/MR1T cells/Va7.2+ CD161+/CD56+/Gnly-GzmB+IFNg+IL10-IL17A-IL22+Perforin+TNF+ | Count,T cells/MR1T cells/Va7.2+ CD161+/CD56+/Gnly-GzmB+IFNg+IL10-IL17A-IL22+Perforin+TNF- | Count,T cells/MR1T cells/Va7.2+ CD161+/CD56+/Gnly-GzmB+IFNg+IL10-IL17A-IL22+Perforin-TNF+ | Count,T cells/MR1T cells/Va7.2+ CD161+/CD56+/Gnly-GzmB+IFNg+IL10-IL17A-IL22+Perforin-TNF- | Count,T cells/MR1T cells/Va7.2+ CD161+/CD56+/Gnly-GzmB+IFNg+IL10-IL17A-IL22-Perforin+TNF+ | Count,T cells/MR1T cells/Va7.2+ CD161+/CD56+/Gnly-GzmB+IFNg+IL10-IL17A-IL22-Perforin+TNF- | Count,T cells/MR1T cells/Va7.2+ CD161+/CD56+/Gnly-GzmB+IFNg+IL10-IL17A-IL22-Perforin-TNF+ | Count,T cells/MR1T cells/Va7.2+ CD161+/CD56+/Gnly-GzmB+IFNg+IL10-IL17A-IL22-Perforin-TNF- | Count,T cells/MR1T cells/Va7.2+ CD161+/CD56+/Gnly-GzmB+IFNg-IL10+IL17A+IL22+Perforin+TNF+ | Count,T cells/MR1T cells/Va7.2+ CD161+/CD56+/Gnly-GzmB+IFNg-IL10+IL17A+IL22+Perforin+TNF- | Count,T cells/MR1T cells/Va7.2+ CD161+/CD56+/Gnly-GzmB+IFNg-IL10+IL17A+IL22+Perforin-TNF+ | Count,T cells/MR1T cells/Va7.2+ CD161+/CD56+/Gnly-GzmB+IFNg-IL10+IL17A+IL22+Perforin-TNF- | Count,T cells/MR1T cells/Va7.2+ CD161+/CD56+/Gnly-GzmB+IFNg-IL10+IL17A+IL22-Perforin+TNF+ | Count,T cells/MR1T cells/Va7.2+ CD161+/CD56+/Gnly-GzmB+IFNg-IL10+IL17A+IL22-Perforin+TNF- | Count,T cells/MR1T cells/Va7.2+ CD161+/CD56+/Gnly-GzmB+IFNg-IL10+IL17A+IL22-Perforin-TNF+ | Count,T cells/MR1T cells/Va7.2+ CD161+/CD56+/Gnly-GzmB+IFNg-IL10+IL17A+IL22-Perforin-TNF- | Count,T cells/MR1T cells/Va7.2+ CD161+/CD56+/Gnly-GzmB+IFNg-IL10+IL17A-IL22+Perforin+TNF+ | Count,T cells/MR1T cells/Va7.2+ CD161+/CD56+/Gnly-GzmB+IFNg-IL10+IL17A-IL22+Perforin+TNF- | Count,T cells/MR1T cells/Va7.2+ CD161+/CD56+/Gnly-GzmB+IFNg-IL10+IL17A-IL22+Perforin-TNF+ | Count,T cells/MR1T cells/Va7.2+ CD161+/CD56+/Gnly-GzmB+IFNg-IL10+IL17A-IL22+Perforin-TNF- | Count,T cells/MR1T cells/Va7.2+ CD161+/CD56+/Gnly-GzmB+IFNg-IL10+IL17A-IL22-Perforin+TNF+ | Count,T cells/MR1T cells/Va7.2+ CD161+/CD56+/Gnly-GzmB+IFNg-IL10+IL17A-IL22-Perforin+TNF- | Count,T cells/MR1T cells/Va7.2+ CD161+/CD56+/Gnly-GzmB+IFNg-IL10+IL17A-IL22-Perforin-TNF+ | Count,T cells/MR1T cells/Va7.2+ CD161+/CD56+/Gnly-GzmB+IFNg-IL10+IL17A-IL22-Perforin-TNF- | Count,T cells/MR1T cells/Va7.2+ CD161+/CD56+/Gnly-GzmB+IFNg-IL10-IL17A+IL22+Perforin+TNF+ | Count,T cells/MR1T cells/Va7.2+ CD161+/CD56+/Gnly-GzmB+IFNg-IL10-IL17A+IL22+Perforin+TNF- | Count,T cells/MR1T cells/Va7.2+ CD161+/CD56+/Gnly-GzmB+IFNg-IL10-IL17A+IL22+Perforin-TNF+ | Count,T cells/MR1T cells/Va7.2+ CD161+/CD56+/Gnly-GzmB+IFNg-IL10-IL17A+IL22+Perforin-TNF- | Count,T cells/MR1T cells/Va7.2+ CD161+/CD56+/Gnly-GzmB+IFNg-IL10-IL17A+IL22-Perforin+TNF+ | Count,T cells/MR1T cells/Va7.2+ CD161+/CD56+/Gnly-GzmB+IFNg-IL10-IL17A+IL22-Perforin+TNF- | Count,T cells/MR1T cells/Va7.2+ CD161+/CD56+/Gnly-GzmB+IFNg-IL10-IL17A+IL22-Perforin-TNF+ | Count,T cells/MR1T cells/Va7.2+ CD161+/CD56+/Gnly-GzmB+IFNg-IL10-IL17A+IL22-Perforin-TNF- | Count,T cells/MR1T cells/Va7.2+ CD161+/CD56+/Gnly-GzmB+IFNg-IL10-IL17A-IL22+Perforin+TNF+ | Count,T cells/MR1T cells/Va7.2+ CD161+/CD56+/Gnly-GzmB+IFNg-IL10-IL17A-IL22+Perforin+TNF- | Count,T cells/MR1T cells/Va7.2+ CD161+/CD56+/Gnly-GzmB+IFNg-IL10-IL17A-IL22+Perforin-TNF+ | Count,T cells/MR1T cells/Va7.2+ CD161+/CD56+/Gnly-GzmB+IFNg-IL10-IL17A-IL22+Perforin-TNF- | Count,T cells/MR1T cells/Va7.2+ CD161+/CD56+/Gnly-GzmB+IFNg-IL10-IL17A-IL22-Perforin+TNF+ | Count,T cells/MR1T cells/Va7.2+ CD161+/CD56+/Gnly-GzmB+IFNg-IL10-IL17A-IL22-Perforin+TNF- | Count,T cells/MR1T cells/Va7.2+ CD161+/CD56+/Gnly-GzmB+IFNg-IL10-IL17A-IL22-Perforin-TNF+ | Count,T cells/MR1T cells/Va7.2+ CD161+/CD56+/Gnly-GzmB+IFNg-IL10-IL17A-IL22-Perforin-TNF- | Count,T cells/MR1T cells/Va7.2+ CD161+/CD56+/Gnly-GzmB-IFNg+IL10+IL17A+IL22+Perforin+TNF+ | Count,T cells/MR1T cells/Va7.2+ CD161+/CD56+/Gnly-GzmB-IFNg+IL10+IL17A+IL22+Perforin+TNF- | Count,T cells/MR1T cells/Va7.2+ CD161+/CD56+/Gnly-GzmB-IFNg+IL10+IL17A+IL22+Perforin-TNF+ | Count,T cells/MR1T cells/Va7.2+ CD161+/CD56+/Gnly-GzmB-IFNg+IL10+IL17A+IL22+Perforin-TNF- | Count,T cells/MR1T cells/Va7.2+ CD161+/CD56+/Gnly-GzmB-IFNg+IL10+IL17A+IL22-Perforin+TNF+ | Count,T cells/MR1T cells/Va7.2+ CD161+/CD56+/Gnly-GzmB-IFNg+IL10+IL17A+IL22-Perforin+TNF- | Count,T cells/MR1T cells/Va7.2+ CD161+/CD56+/Gnly-GzmB-IFNg+IL10+IL17A+IL22-Perforin-TNF+ | Count,T cells/MR1T cells/Va7.2+ CD161+/CD56+/Gnly-GzmB-IFNg+IL10+IL17A+IL22-Perforin-TNF- | Count,T cells/MR1T cells/Va7.2+ CD161+/CD56+/Gnly-GzmB-IFNg+IL10+IL17A-IL22+Perforin+TNF+ | Count,T cells/MR1T cells/Va7.2+ CD161+/CD56+/Gnly-GzmB-IFNg+IL10+IL17A-IL22+Perforin+TNF- | Count,T cells/MR1T cells/Va7.2+ CD161+/CD56+/Gnly-GzmB-IFNg+IL10+IL17A-IL22+Perforin-TNF+ | Count,T cells/MR1T cells/Va7.2+ CD161+/CD56+/Gnly-GzmB-IFNg+IL10+IL17A-IL22+Perforin-TNF- | Count,T cells/MR1T cells/Va7.2+ CD161+/CD56+/Gnly-GzmB-IFNg+IL10+IL17A-IL22-Perforin+TNF+ | Count,T cells/MR1T cells/Va7.2+ CD161+/CD56+/Gnly-GzmB-IFNg+IL10+IL17A-IL22-Perforin+TNF- | Count,T cells/MR1T cells/Va7.2+ CD161+/CD56+/Gnly-GzmB-IFNg+IL10+IL17A-IL22-Perforin-TNF+ | Count,T cells/MR1T cells/Va7.2+ CD161+/CD56+/Gnly-GzmB-IFNg+IL10+IL17A-IL22-Perforin-TNF- | Count,T cells/MR1T cells/Va7.2+ CD161+/CD56+/Gnly-GzmB-IFNg+IL10-IL17A+IL22+Perforin+TNF+ | Count,T cells/MR1T cells/Va7.2+ CD161+/CD56+/Gnly-GzmB-IFNg+IL10-IL17A+IL22+Perforin+TNF- | Count,T cells/MR1T cells/Va7.2+ CD161+/CD56+/Gnly-GzmB-IFNg+IL10-IL17A+IL22+Perforin-TNF+ | Count,T cells/MR1T cells/Va7.2+ CD161+/CD56+/Gnly-GzmB-IFNg+IL10-IL17A+IL22+Perforin-TNF- | Count,T cells/MR1T cells/Va7.2+ CD161+/CD56+/Gnly-GzmB-IFNg+IL10-IL17A+IL22-Perforin+TNF+ | Count,T cells/MR1T cells/Va7.2+ CD161+/CD56+/Gnly-GzmB-IFNg+IL10-IL17A+IL22-Perforin+TNF- | Count,T cells/MR1T cells/Va7.2+ CD161+/CD56+/Gnly-GzmB-IFNg+IL10-IL17A+IL22-Perforin-TNF+ | Count,T cells/MR1T cells/Va7.2+ CD161+/CD56+/Gnly-GzmB-IFNg+IL10-IL17A+IL22-Perforin-TNF- | Count,T cells/MR1T cells/Va7.2+ CD161+/CD56+/Gnly-GzmB-IFNg+IL10-IL17A-IL22+Perforin+TNF+ | Count,T cells/MR1T cells/Va7.2+ CD161+/CD56+/Gnly-GzmB-IFNg+IL10-IL17A-IL22+Perforin+TNF- | Count,T cells/MR1T cells/Va7.2+ CD161+/CD56+/Gnly-GzmB-IFNg+IL10-IL17A-IL22+Perforin-TNF+ | Count,T cells/MR1T cells/Va7.2+ CD161+/CD56+/Gnly-GzmB-IFNg+IL10-IL17A-IL22+Perforin-TNF- | Count,T cells/MR1T cells/Va7.2+ CD161+/CD56+/Gnly-GzmB-IFNg+IL10-IL17A-IL22-Perforin+TNF+ | Count,T cells/MR1T cells/Va7.2+ CD161+/CD56+/Gnly-GzmB-IFNg+IL10-IL17A-IL22-Perforin+TNF- | Count,T cells/MR1T cells/Va7.2+ CD161+/CD56+/Gnly-GzmB-IFNg+IL10-IL17A-IL22-Perforin-TNF+ | Count,T cells/MR1T cells/Va7.2+ CD161+/CD56+/Gnly-GzmB-IFNg+IL10-IL17A-IL22-Perforin-TNF- | Count,T cells/MR1T cells/Va7.2+ CD161+/CD56+/Gnly-GzmB-IFNg-IL10+IL17A+IL22+Perforin+TNF+ | Count,T cells/MR1T cells/Va7.2+ CD161+/CD56+/Gnly-GzmB-IFNg-IL10+IL17A+IL22+Perforin+TNF- | Count,T cells/MR1T cells/Va7.2+ CD161+/CD56+/Gnly-GzmB-IFNg-IL10+IL17A+IL22+Perforin-TNF+ | Count,T cells/MR1T cells/Va7.2+ CD161+/CD56+/Gnly-GzmB-IFNg-IL10+IL17A+IL22+Perforin-TNF- | Count,T cells/MR1T cells/Va7.2+ CD161+/CD56+/Gnly-GzmB-IFNg-IL10+IL17A+IL22-Perforin+TNF+ | Count,T cells/MR1T cells/Va7.2+ CD161+/CD56+/Gnly-GzmB-IFNg-IL10+IL17A+IL22-Perforin+TNF- | Count,T cells/MR1T cells/Va7.2+ CD161+/CD56+/Gnly-GzmB-IFNg-IL10+IL17A+IL22-Perforin-TNF+ | Count,T cells/MR1T cells/Va7.2+ CD161+/CD56+/Gnly-GzmB-IFNg-IL10+IL17A+IL22-Perforin-TNF- | Count,T cells/MR1T cells/Va7.2+ CD161+/CD56+/Gnly-GzmB-IFNg-IL10+IL17A-IL22+Perforin+TNF+ | Count,T cells/MR1T cells/Va7.2+ CD161+/CD56+/Gnly-GzmB-IFNg-IL10+IL17A-IL22+Perforin+TNF- | Count,T cells/MR1T cells/Va7.2+ CD161+/CD56+/Gnly-GzmB-IFNg-IL10+IL17A-IL22+Perforin-TNF+ | Count,T cells/MR1T cells/Va7.2+ CD161+/CD56+/Gnly-GzmB-IFNg-IL10+IL17A-IL22+Perforin-TNF- | Count,T cells/MR1T cells/Va7.2+ CD161+/CD56+/Gnly-GzmB-IFNg-IL10+IL17A-IL22-Perforin+TNF+ | Count,T cells/MR1T cells/Va7.2+ CD161+/CD56+/Gnly-GzmB-IFNg-IL10+IL17A-IL22-Perforin+TNF- | Count,T cells/MR1T cells/Va7.2+ CD161+/CD56+/Gnly-GzmB-IFNg-IL10+IL17A-IL22-Perforin-TNF+ | Count,T cells/MR1T cells/Va7.2+ CD161+/CD56+/Gnly-GzmB-IFNg-IL10+IL17A-IL22-Perforin-TNF- | Count,T cells/MR1T cells/Va7.2+ CD161+/CD56+/Gnly-GzmB-IFNg-IL10-IL17A+IL22+Perforin+TNF+ | Count,T cells/MR1T cells/Va7.2+ CD161+/CD56+/Gnly-GzmB-IFNg-IL10-IL17A+IL22+Perforin+TNF- | Count,T cells/MR1T cells/Va7.2+ CD161+/CD56+/Gnly-GzmB-IFNg-IL10-IL17A+IL22+Perforin-TNF+ | Count,T cells/MR1T cells/Va7.2+ CD161+/CD56+/Gnly-GzmB-IFNg-IL10-IL17A+IL22+Perforin-TNF- | Count,T cells/MR1T cells/Va7.2+ CD161+/CD56+/Gnly-GzmB-IFNg-IL10-IL17A+IL22-Perforin+TNF+ | Count,T cells/MR1T cells/Va7.2+ CD161+/CD56+/Gnly-GzmB-IFNg-IL10-IL17A+IL22-Perforin+TNF- | Count,T cells/MR1T cells/Va7.2+ CD161+/CD56+/Gnly-GzmB-IFNg-IL10-IL17A+IL22-Perforin-TNF+ | Count,T cells/MR1T cells/Va7.2+ CD161+/CD56+/Gnly-GzmB-IFNg-IL10-IL17A+IL22-Perforin-TNF- | Count,T cells/MR1T cells/Va7.2+ CD161+/CD56+/Gnly-GzmB-IFNg-IL10-IL17A-IL22+Perforin+TNF+ | Count,T cells/MR1T cells/Va7.2+ CD161+/CD56+/Gnly-GzmB-IFNg-IL10-IL17A-IL22+Perforin+TNF- | Count,T cells/MR1T cells/Va7.2+ CD161+/CD56+/Gnly-GzmB-IFNg-IL10-IL17A-IL22+Perforin-TNF+ | Count,T cells/MR1T cells/Va7.2+ CD161+/CD56+/Gnly-GzmB-IFNg-IL10-IL17A-IL22+Perforin-TNF- | Count,T cells/MR1T cells/Va7.2+ CD161+/CD56+/Gnly-GzmB-IFNg-IL10-IL17A-IL22-Perforin+TNF+ | Count,T cells/MR1T cells/Va7.2+ CD161+/CD56+/Gnly-GzmB-IFNg-IL10-IL17A-IL22-Perforin+TNF- | Count,T cells/MR1T cells/Va7.2+ CD161+/CD56+/Gnly-GzmB-IFNg-IL10-IL17A-IL22-Perforin-TNF+ | Count,T cells/MR1T cells/Va7.2+ CD161+/CD56+/Gnly-GzmB-IFNg-IL10-IL17A-IL22-Perforin-TNF- | Count
IHOPE006_Liver_PMA_I_Symphony_liveCD45.fcs,IHOPE006,Liver,PMA_I,CD56+,636,0,0,0,0,0,0,0,0,0,0,0,0,0,0,0,0,0,0,0,0,7,0,17,0,2,0,1,0,17,3,48,3,0,0,0,0,0,0,0,0,0,0,0,0,0,0,0,0,0,0,0,0,0,0,0,0,0,0,0,0,1,0,3,3,0,0,0,0,1,0,0,0,0,0,0,0,0,0,0,0,0,0,1,0,9,0,28,2,0,0,3,0,40,2,93,5,0,0,0,0,0,0,0,0,0,0,0,0,0,0,0,0,0,0,0,0,0,0,0,0,0,0,0,0,5,3,13,6,0,0,0,0,0,0,0,0,0,0,0,0,0,0,0,0,0,0,0,0,3,0,8,0,3,0,0,1,8,1,35,4,0,0,0,0,0,0,0,0,0,0,0,0,0,0,0,0,0,0,0,0,0,0,0,0,0,0,0,0,0,0,3,6,0,0,0,0,0,0,0,0,0,0,0,0,0,0,0,0,1,0,1,0,10,0,24,2,0,0,0,0,39,0,145,8,0,0,0,0,0,0,0,0,0,0,0,0,0,0,0,0,0,0,0,0,0,0,4,0,0,0,0,0,2,0,7,5
IHOPE006_Liver_none_Symphony_liveCD45.fcs,IHOPE006,Liver,none,CD56+,876,0,0,0,0,0,0,0,0,0,0,0,0,0,0,0,0,1,0,0,0,0,0,0,0,1,1,0,0,3,0,0,1,0,0,0,0,0,0,0,0,0,0,0,0,0,0,0,0,0,0,0,0,2,6,1,7,2,20,1,2,18,96,8,100,0,0,0,0,0,0,0,0,0,0,0,0,0,0,0,0,0,0,0,0,0,0,0,0,0,1,0,0,10,7,1,2,0,0,0,0,0,0,0,0,0,0,0,0,0,0,0,1,0,0,0,0,0,3,0,2,4,9,0,3,37,84,8,87,0,0,0,0,0,0,0,0,0,0,0,0,1,0,0,0,0,0,0,0,1,0,0,0,1,1,0,0,3,0,3,2,0,0,0,0,0,0,0,0,0,0,0,0,0,2,0,0,0,0,0,0,0,0,1,1,5,2,1,1,18,34,8,32,0,0,0,0,0,0,0,0,0,0,0,0,0,0,0,0,0,0,0,0,0,0,0,0,1,0,0,0,12,3,1,1,0,0,0,0,0,0,0,0,0,0,0,0,0,0,0,0,0,0,0,0,0,0,0,2,6,4,0,1,65,58,11,65
IHOPE007_Liver_PMA_I_Symphony_liveCD45.fcs,IHOPE007,Liver,PMA_I,CD56+,143,0,0,0,0,0,0,0,0,0,0,0,0,0,0,0,0,0,0,0,0,0,0,1,0,0,0,0,0,2,0,2,0,0,0,0,0,0,0,0,0,0,0,0,0,0,0,0,0,0,0,0,0,0,0,0,0,0,0,0,0,0,0,1,0,0,0,0,0,0,0,0,0,0,0,0,0,0,0,0,0,0,0,0,0,1,0,0,0,1,0,0,0,1,0,6,0,0,0,0,0,0,0,0,0,0,0,0,0,0,0,0,0,0,0,0,0,1,0,0,0,0,0,0,0,0,0,0,0,0,0,0,0,0,0,0,0,0,0,0,0,0,0,0,0,0,0,0,0,1,0,1,0,0,0,1,0,2,0,15,0,0,0,0,0,0,0,0,0,0,0,0,0,0,0,0,0,0,0,0,0,0,0,0,0,0,0,0,0,0,0,1,1,0,0,0,0,0,0,0,0,0,0,0,0,0,0,0,0,0,0,0,0,2,0,6,0,0,0,0,0,13,0,60,1,0,0,0,0,0,0,0,0,0,0,0,0,0,0,0,0,0,0,0,0,0,0,0,0,0,0,0,0,1,1,17,4
IHOPE007_Liver_none_Symphony_liveCD45.fcs,IHOPE007,Liver,none,CD56+,359,0,0,0,0,0,0,0,0,0,0,0,0,0,0,0,0,0,0,0,0,0,0,0,0,0,0,0,1,0,0,0,0,0,0,0,0,0,0,0,0,0,0,0,0,0,0,0,0,0,0,0,0,0,0,0,1,0,0,0,1,0,6,0,8,0,0,0,0,0,0,0,0,0,0,0,0,0,0,0,0,0,0,0,0,0,0,0,0,0,1,0,0,0,4,0,2,0,0,0,0,0,0,0,0,0,0,0,0,0,0,0,0,0,0,0,0,0,0,0,1,0,3,0,1,0,20,1,25,0,0,0,0,0,0,0,0,0,0,0,0,0,0,0,0,0,0,0,0,0,0,0,0,0,0,0,0,0,0,0,2,0,0,0,0,0,0,0,0,0,0,0,0,0,0,0,0,0,0,0,0,0,1,0,1,0,2,0,1,1,2,2,18,0,0,0,0,0,0,0,0,0,0,0,0,0,0,0,0,0,0,0,0,1,0,0,1,0,0,0,0,1,1,1,9,0,0,0,0,0,0,0,0,0,0,0,0,0,1,0,0,0,0,0,0,1,3,0,13,0,3,0,1,3,54,5,156
IHOPE009_Liver_PMA_I_Symphony_liveCD45.fcs,IHOPE009,Liver,PMA_I,CD56+,405,0,0,0,0,0,0,0,0,0,0,0,0,0,0,0,0,0,0,0,0,0,0,1,0,0,0,0,0,3,1,9,3,0,0,0,0,0,0,0,0,0,0,0,0,0,0,0,0,0,0,0,0,0,0,0,0,0,0,0,0,0,2,3,7,0,0,0,0,0,0,0,0,0,0,0,0,0,0,0,0,0,0,0,0,0,0,0,0,0,0,0,0,0,0,0,0,0,0,0,0,0,0,0,0,0,0,0,0,0,0,0,0,0,0,0,0,0,0,0,0,0,0,0,0,1,0,1,1,0,0,0,0,0,0,0,0,0,0,0,0,0,0,1,0,0,0,1,0,1,0,2,0,0,0,0,0,17,0,67,19,0,0,0,0,0,0,0,0,0,0,0,0,0,0,0,0,0,0,0,0,0,0,1,0,0,0,0,0,4,10,32,45,0,0,0,0,0,0,0,0,0,0,0,0,0,0,0,0,0,0,0,0,1,0,3,0,0,0,0,0,10,2,90,26,0,0,0,0,0,0,0,0,0,0,0,0,0,0,0,0,0,0,0,0,0,0,0,0,0,0,0,0,4,4,10,23
IHOPE009_Liver_none_Symphony_liveCD45.fcs,IHOPE009,Liver,none,CD56+,495,0,0,0,0,0,0,0,0,0,0,0,0,0,0,0,0,0,0,0,0,0,0,0,0,0,0,0,0,0,0,0,0,0,0,0,0,0,0,0,0,0,0,0,0,0,0,0,0,0,0,0,0,0,0,0,0,0,0,0,0,0,12,0,20,0,0,0,0,0,0,0,0,0,0,0,0,0,0,0,0,0,0,0,0,0,0,0,0,0,0,0,0,0,0,0,0,0,0,0,0,0,0,0,0,0,0,0,0,0,0,0,0,0,0,0,0,0,0,0,0,0,0,0,0,1,10,0,23,0,0,0,0,0,0,0,0,0,0,0,0,0,0,0,0,0,0,0,0,0,0,0,0,0,0,0,0,0,0,0,0,0,0,0,0,0,0,0,0,0,0,0,0,0,2,0,2,0,0,0,0,0,0,0,1,0,1,0,0,0,26,0,50,0,0,0,0,0,0,0,0,0,0,0,0,0,0,0,0,0,0,0,0,0,0,0,0,0,0,0,0,0,1,0,9,0,0,0,0,0,0,0,0,0,0,0,0,0,5,0,11,0,0,0,0,0,0,0,0,0,0,0,0,0,75,0,246
IHOPE011_Liver_PMA_I_Symphony_liveCD45.fcs,IHOPE011,Liver,PMA_I,CD56+,555,0,0,0,0,0,0,1,0,0,0,0,0,0,0,0,0,0,0,0,0,0,0,0,0,0,0,1,0,5,0,13,0,0,0,0,0,0,0,0,0,0,0,0,0,0,0,0,0,0,0,0,0,0,0,0,0,0,0,0,0,1,0,1,4,0,0,0,0,0,0,0,0,0,0,0,0,0,0,1,0,0,0,1,0,0,0,0,0,0,0,3,0,5,0,4,0,0,0,0,0,0,0,0,0,0,0,0,0,0,0,0,0,0,0,0,0,0,0,0,0,0,0,0,0,0,0,1,7,0,0,0,0,0,0,0,0,0,0,0,0,0,0,1,0,1,0,2,0,3,0,5,0,1,0,3,0,10,0,59,2,0,0,0,0,0,0,0,0,0,0,0,0,0,0,0,0,0,0,0,0,0,0,2,1,0,0,0,2,2,0,19,11,0,0,0,0,0,0,0,0,0,0,0,0,0,0,1,0,0,0,2,0,5,0,17,0,3,0,12,0,33,0,157,6,0,0,0,0,0,0,0,0,0,0,0,0,0,0,0,1,0,0,0,0,0,0,2,1,0,0,1,0,8,2,58,74
IHOPE011_Liver_none_Symphony_liveCD45.fcs,IHOPE011,Liver,none,CD56+,545,0,0,0,0,0,0,0,0,0,0,0,0,0,0,0,0,0,0,0,0,0,0,0,0,0,0,0,0,1,0,0,0,0,0,0,0,0,0,0,2,0,0,0,0,0,1,0,3,0,0,0,0,0,1,0,3,0,4,0,1,1,30,0,91,0,0,0,0,0,0,0,0,0,0,0,0,0,0,0,0,0,0,0,0,0,0,0,0,0,0,0,0,0,0,0,0,0,0,0,0,0,0,0,0,0,0,0,0,0,0,0,1,0,0,0,0,0,0,0,0,0,0,0,0,0,7,0,17,0,0,0,0,0,0,0,0,0,0,0,0,0,0,0,0,0,0,0,0,0,0,0,0,0,0,0,0,0,0,0,0,0,1,1,0,0,0,0,0,0,0,0,0,0,3,0,1,0,0,0,0,0,2,0,1,0,3,0,1,2,47,2,179,0,0,0,0,0,0,0,0,0,0,0,0,0,0,0,0,0,0,0,0,0,0,0,0,0,0,0,0,0,0,0,2,0,0,0,1,0,1,0,0,0,0,0,0,0,0,0,0,0,0,0,0,0,1,0,2,0,1,0,4,0,24,4,99
IHOPE012_Liver_PMA_I_Symphony_liveCD45cleaned.fcs,IHOPE012,Liver,PMA_I,CD56+,6393,0,0,0,0,0,0,0,0,0,0,0,0,0,0,0,0,0,0,1,0,7,0,30,1,2,0,3,0,57,0,236,11,0,0,0,0,0,0,0,0,0,0,0,0,0,0,0,0,0,0,0,0,1,0,5,2,0,0,0,0,14,6,69,81,0,0,0,0,1,0,1,0,0,0,0,0,0,0,0,0,0,0,1,0,36,1,110,4,0,0,4,0,192,21,903,103,0,0,0,0,0,0,0,0,0,0,0,0,0,0,0,0,0,0,0,0,2,1,19,5,0,0,0,0,41,32,328,461,0,0,0,0,0,0,0,0,0,0,0,0,0,0,1,0,0,0,0,0,1,0,15,2,0,0,2,0,15,3,155,10,0,0,0,0,0,0,0,0,0,0,0,0,0,0,0,0,0,0,0,0,0,0,3,0,0,0,0,0,6,1,46,70,0,0,0,0,0,0,0,0,0,0,0,0,0,0,5,0,0,0,1,0,32,1,124,6,0,0,6,1,160,15,1440,247,0,0,0,0,0,0,0,0,0,0,0,0,0,0,0,0,0,0,0,0,1,0,20,10,1,0,0,0,35,34,434,698
IHOPE012_Liver_none_Symphony_liveCD45cleaned.fcs,IHOPE012,Liver,none,CD56+,6329,0,0,0,0,0,0,0,0,0,0,0,0,0,0,0,0,0,0,0,0,1,0,0,2,0,0,0,0,4,4,5,10,0,0,0,0,0,0,1,1,0,0,0,0,0,3,0,5,0,0,0,0,1,1,1,5,0,1,0,3,8,92,21,480,0,0,0,0,0,0,0,0,0,0,0,0,2,1,0,3,0,0,0,0,2,1,0,4,2,0,2,1,10,27,27,93,0,0,0,0,0,2,0,5,0,0,0,0,1,9,2,41,1,0,0,0,4,12,6,28,0,7,2,8,59,474,182,2855,0,0,0,0,0,0,0,0,0,0,0,0,0,0,0,0,0,0,0,0,0,0,0,0,0,0,0,0,1,0,0,0,0,0,0,0,0,0,0,0,0,0,0,0,1,0,0,0,0,0,0,0,0,0,0,3,0,0,0,0,2,4,4,81,0,0,0,0,0,0,0,0,0,0,0,0,0,0,0,1,0,0,0,0,0,0,0,3,0,0,0,0,3,7,5,67,0,0,0,0,0,2,0,8,0,0,0,0,1,4,2,23,0,0,0,0,2,1,6,33,0,1,0,1,12,78,65,1386
IHOPE013_Liver_PMA_I_Symphony_liveCD45.fcs,IHOPE013,Liver,PMA_I,CD56+,352,0,0,0,0,0,0,0,0,0,0,0,0,0,0,0,0,0,0,0,0,0,0,0,0,1,0,0,0,0,0,3,0,0,0,0,0,0,0,0,0,0,0,0,0,0,0,0,0,0,0,0,0,0,0,0,0,0,0,0,0,0,0,0,0,0,0,1,0,0,0,0,0,0,0,0,0,0,0,0,0,0,0,1,0,1,0,6,0,1,0,3,0,6,0,32,0,0,0,0,0,0,0,0,0,0,0,0,0,0,0,0,0,0,0,0,0,0,0,0,0,0,0,0,1,0,1,3,0,0,0,0,0,0,0,0,0,0,0,0,0,0,0,0,0,0,0,0,0,0,0,2,0,0,0,0,0,3,0,10,0,0,0,0,0,0,0,0,0,0,0,0,0,0,0,0,0,0,0,0,0,0,0,0,0,0,0,0,0,0,0,0,0,0,0,0,0,0,0,2,0,0,0,0,0,1,0,1,0,0,0,2,0,2,0,19,0,3,0,11,0,17,1,180,3,0,0,0,0,0,0,0,0,0,0,0,0,0,0,0,0,0,0,0,0,0,0,2,0,0,0,1,0,2,0,19,11
IHOPE013_Liver_none_Symphony_liveCD45.fcs,IHOPE013,Liver,none,CD56+,347,0,0,0,0,0,0,0,0,0,0,0,0,0,0,0,0,0,0,0,0,0,0,0,0,0,0,0,0,0,0,0,0,0,0,0,0,0,0,0,0,0,0,0,0,0,0,0,0,0,0,0,0,0,0,0,0,0,0,0,0,0,0,0,2,0,0,0,0,0,0,0,0,0,0,0,0,0,0,0,0,0,0,0,0,0,0,0,0,0,0,0,0,0,0,0,0,0,0,0,0,0,0,0,0,0,0,0,0,0,0,0,2,0,1,0,0,0,1,0,1,0,6,0,2,1,19,0,98,0,0,0,0,0,0,0,0,0,0,0,0,0,0,0,0,0,0,0,0,0,0,0,0,0,0,0,0,0,0,0,0,0,0,0,0,0,0,0,0,0,0,0,0,0,0,0,0,0,0,0,0,0,0,0,0,0,0,0,0,0,0,0,0,0,0,0,0,0,0,0,0,0,0,0,0,0,0,0,0,0,0,0,0,0,0,0,0,0,0,0,0,0,0,0,1,0,0,0,0,0,0,0,0,0,0,0,0,0,5,0,3,0,0,0,0,0,1,0,6,0,0,0,5,0,17,0,176
IHOPE014_Liver_PMA_I_Symphony_clean_liveCD45s.fcs,IHOPE014,Liver,PMA_I,CD56+,5338,0,0,0,0,0,0,0,0,0,0,0,0,1,0,1,0,0,0,0,0,1,0,2,0,0,0,0,0,1,0,7,0,0,0,0,0,0,0,0,0,0,0,0,0,0,0,0,0,0,0,0,0,0,0,0,0,0,0,0,0,0,0,0,1,0,0,0,0,0,0,0,0,0,0,0,0,0,0,2,0,0,0,0,0,3,0,11,0,1,0,0,0,8,1,27,3,0,0,0,0,0,0,0,0,0,0,0,0,0,0,0,1,0,0,0,0,0,0,2,0,0,0,0,0,1,1,5,9,0,0,0,0,0,0,0,0,0,0,0,0,0,0,0,0,1,0,1,0,2,0,42,0,1,0,9,0,24,0,317,11,0,0,0,0,0,0,0,0,0,0,0,0,0,0,0,0,0,0,0,0,0,0,2,0,0,0,0,0,1,4,37,17,0,0,0,0,0,0,1,0,0,0,0,0,0,0,0,0,2,0,8,0,25,1,433,13,6,0,29,0,154,5,3085,145,0,0,0,0,0,0,0,0,0,0,0,0,0,0,0,0,0,0,1,0,1,0,50,2,0,1,1,1,21,13,479,303
IHOPE014_Liver_none_Symphony_clean_liveCD45s.fcs,IHOPE014,Liver,none,CD56+,6730,0,0,0,0,0,0,0,0,0,0,0,0,0,0,0,0,0,0,0,0,0,0,0,0,0,0,0,1,0,0,0,0,0,0,0,0,0,0,0,0,0,0,0,0,0,0,0,0,0,0,0,0,0,0,0,1,0,1,0,1,0,5,0,31,0,0,0,0,0,0,0,0,0,0,0,0,0,0,0,0,0,0,0,0,0,1,0,0,0,0,0,0,2,1,2,4,0,0,0,0,0,0,0,0,0,0,0,0,0,0,0,2,0,0,0,0,0,0,0,8,0,2,0,5,0,50,0,235,0,0,0,0,0,0,0,0,0,0,0,0,0,0,0,0,0,0,0,0,0,0,0,0,0,0,0,0,0,3,0,4,0,0,0,0,0,0,0,0,0,0,0,0,0,0,0,2,0,0,0,0,0,0,0,6,0,3,1,5,0,13,0,173,0,0,0,0,0,0,0,0,0,0,0,0,0,0,0,0,0,0,0,0,0,0,0,0,0,0,0,1,0,3,3,21,0,0,0,1,0,4,0,6,0,0,0,0,0,3,0,11,0,0,0,0,0,9,1,81,0,29,0,48,3,469,9,5466
IHOPE015_Liver_PMA_I_Symphony_clean_liveCD45.fcs,IHOPE015,Liver,PMA_I,CD56+,2576,0,0,0,0,0,0,0,0,0,0,0,0,0,0,0,0,0,0,0,0,0,0,0,0,0,0,1,0,0,0,1,0,0,0,0,0,0,0,0,0,0,0,0,0,0,0,0,0,0,0,0,0,0,0,0,1,0,0,0,0,0,0,1,6,0,0,0,0,0,0,0,0,0,0,0,0,0,0,0,0,0,0,2,0,0,0,0,0,5,0,4,0,3,0,2,2,0,0,0,0,0,0,0,0,0,0,0,0,0,0,0,0,0,0,0,0,0,0,0,0,0,0,0,0,0,0,6,28,0,0,0,0,0,0,0,0,0,0,0,0,0,0,0,0,0,0,0,0,0,0,0,1,0,0,1,1,0,0,17,6,0,0,0,0,0,0,0,0,0,0,0,0,0,0,0,0,0,0,0,0,0,0,0,0,0,0,4,8,0,0,11,59,0,0,0,0,0,0,1,0,0,0,0,0,0,0,0,0,0,0,1,0,0,0,2,0,0,0,21,5,1,0,255,84,0,0,0,0,0,0,0,0,0,0,0,0,0,0,0,0,0,0,1,0,0,0,2,2,0,1,26,100,0,2,285,1617
IHOPE015_Liver_none_Symphony_clean_liveCD45.fcs,IHOPE015,Liver,none,CD56+,2357,0,0,0,0,0,0,0,0,0,0,0,0,0,0,0,0,0,0,0,0,0,0,0,0,0,0,1,0,0,0,0,0,0,0,0,0,0,0,0,0,0,0,0,0,0,0,0,0,0,0,0,0,0,0,0,0,0,0,0,0,0,0,0,1,0,0,0,0,0,0,0,0,0,0,0,0,0,0,0,0,0,0,0,0,0,0,0,0,1,0,1,0,0,0,0,0,0,0,0,0,0,0,0,0,0,0,0,0,0,0,0,0,0,0,0,0,0,0,0,0,0,0,0,1,0,0,0,16,0,0,0,0,0,0,0,0,0,0,0,0,0,0,0,0,0,0,0,0,0,0,0,0,0,0,0,0,0,0,0,1,0,0,0,0,0,0,0,0,0,0,0,0,0,0,0,0,0,0,0,0,0,0,0,1,0,0,0,3,0,0,1,68,0,0,0,0,0,0,0,0,0,0,0,0,0,0,0,0,0,0,0,0,0,0,0,1,0,0,0,1,0,0,0,3,0,0,0,0,0,0,0,1,0,0,0,1,0,0,0,5,0,0,0,4,0,0,0,7,0,1,1,103,0,0,10,2124
IHOPE018_Liver_PMA_I_Symphony_liveCD45.fcs,IHOPE018,Liver,PMA_I,CD56+,1785,0,0,0,0,0,0,0,0,0,0,0,0,0,0,0,0,0,0,0,0,0,0,0,0,0,0,0,0,0,0,0,0,0,0,0,0,0,0,0,0,0,0,0,0,0,0,0,0,0,0,0,0,0,0,0,0,0,0,0,0,0,0,0,0,0,0,0,0,0,0,0,0,0,0,0,0,0,0,0,0,0,0,0,0,0,0,0,0,0,0,0,0,1,0,0,1,0,0,0,0,0,0,1,0,0,0,0,0,2,2,0,1,0,0,0,0,1,0,1,0,0,0,0,0,1,2,6,25,0,0,0,0,0,0,0,0,0,0,0,0,0,0,0,0,0,0,0,0,0,0,0,0,0,0,0,0,0,0,2,0,0,0,0,0,0,0,0,0,0,0,0,0,0,0,0,0,0,0,0,0,0,0,0,1,0,0,0,0,0,0,1,2,0,0,0,0,0,0,1,0,0,0,0,0,0,0,0,0,0,0,0,1,3,0,8,0,0,0,0,0,5,4,124,43,0,0,0,1,0,0,3,6,0,0,0,0,0,0,1,0,0,0,0,0,0,0,10,18,0,0,0,3,8,56,304,1136
IHOPE018_Liver_none_Symphony_liveCD45.fcs,IHOPE018,Liver,none,CD56+,1759,0,0,0,0,0,0,0,0,0,0,0,0,0,0,0,0,0,0,0,0,0,0,0,0,0,0,0,0,0,0,0,0,0,0,0,0,0,0,0,0,0,0,0,0,0,0,0,0,0,0,0,0,0,0,0,0,0,0,0,0,0,0,0,2,0,0,0,0,0,0,0,0,0,0,0,0,0,0,0,0,0,0,0,0,0,0,0,0,1,0,0,0,2,1,0,0,0,0,0,0,0,1,1,5,0,0,0,0,1,1,2,3,0,0,0,0,0,6,0,8,0,0,0,0,0,17,2,75,0,0,0,0,0,0,0,0,0,0,0,0,0,0,0,0,0,0,0,0,0,0,0,0,0,0,0,0,0,0,0,0,0,0,0,0,0,0,0,0,0,0,0,0,0,0,0,1,0,0,0,0,0,0,0,2,0,0,0,2,0,2,0,23,0,0,0,0,0,1,0,0,0,0,0,0,0,0,0,0,0,1,0,0,0,1,0,3,0,1,0,0,0,16,2,41,0,0,0,1,0,1,3,15,0,0,0,0,0,0,0,3,0,0,0,0,0,10,2,82,1,7,1,18,0,130,22,1239
IHOPE020_Liver_PMA_I_Symphony_liveCD45.fcs,IHOPE020,Liver,PMA_I,CD56+,2620,0,0,0,0,0,0,0,0,0,0,0,0,0,0,0,0,0,0,0,0,0,0,0,0,0,0,0,0,0,0,0,0,0,0,0,0,0,0,0,0,0,0,0,0,0,0,0,0,0,0,0,0,0,0,0,0,0,0,0,0,0,0,0,0,0,0,0,0,0,0,0,0,0,0,0,0,0,0,0,0,0,0,0,0,1,0,9,0,0,0,1,0,0,0,34,4,0,0,0,0,0,0,0,0,0,0,0,0,0,0,1,1,0,0,0,0,0,0,2,1,0,0,0,0,0,0,27,72,0,0,0,0,0,0,0,0,0,0,0,0,0,0,0,0,0,0,0,0,0,0,0,0,0,0,0,0,0,0,6,0,0,0,0,0,0,0,0,0,0,0,0,0,0,0,0,0,0,0,0,0,0,0,0,0,0,0,0,0,0,0,0,3,0,0,0,0,0,0,0,0,0,0,0,0,0,0,0,1,0,0,2,0,0,0,87,9,0,1,6,2,4,3,557,79,0,0,0,0,0,0,0,0,0,0,0,0,0,0,0,0,0,0,0,0,0,0,21,7,0,0,5,12,2,9,365,1286
IHOPE020_Liver_none_Symphony_liveCD45.fcs,IHOPE020,Liver,none,CD56+,2308,0,0,0,0,0,0,0,0,0,0,0,0,0,0,0,0,0,0,0,0,0,0,0,0,0,0,0,0,0,0,0,0,0,0,0,0,0,0,0,0,0,0,0,0,0,0,0,0,0,0,0,0,0,0,0,0,0,0,0,0,0,0,0,0,0,0,0,0,0,0,0,0,0,0,0,0,0,0,0,0,0,0,0,0,0,0,0,0,0,0,0,0,1,1,0,1,0,0,0,0,0,0,0,0,0,0,0,0,0,0,0,3,0,0,0,0,0,0,0,0,0,0,0,3,0,13,1,183,0,0,0,0,0,0,0,0,0,0,0,0,0,0,0,0,0,0,0,0,0,0,0,0,0,0,0,0,0,0,0,0,0,0,0,0,0,0,0,0,0,0,0,0,0,0,0,0,0,0,0,0,0,0,0,0,0,0,0,0,0,0,0,6,0,0,0,0,0,0,0,0,0,0,0,0,0,0,0,0,0,0,0,0,0,0,0,0,0,0,0,0,0,2,1,2,0,0,0,0,0,0,0,2,0,0,0,0,0,1,0,1,0,0,0,1,0,0,0,3,0,1,3,24,0,61,40,1954
IHOPE024_Liver_PMA_I_liveCD45.fcs,IHOPE024,Liver,PMA_I,CD56+,233,0,0,0,0,0,0,0,0,0,0,0,0,0,0,0,0,0,0,0,0,0,0,0,0,0,0,0,0,0,0,1,0,0,0,0,0,0,0,0,0,0,0,0,0,0,0,0,0,0,0,0,0,0,0,0,0,0,0,0,0,0,0,0,0,0,0,0,0,0,0,0,0,0,0,0,0,0,0,0,0,0,0,0,0,0,0,0,0,0,0,0,0,0,0,0,0,0,0,0,0,0,0,0,0,0,0,0,0,0,0,0,0,0,0,0,0,0,0,0,0,0,0,0,0,0,1,0,0,0,0,0,0,0,0,0,0,0,0,0,0,0,0,1,0,0,0,0,0,0,0,0,0,0,0,0,0,0,1,11,0,0,0,0,0,0,0,0,0,0,0,0,0,0,0,0,0,0,0,0,0,0,0,0,0,0,0,0,0,0,0,0,0,0,0,0,0,0,0,0,0,1,0,1,0,0,0,2,0,0,0,0,0,0,0,1,0,0,0,1,0,20,0,132,2,0,0,0,0,0,0,0,0,0,0,0,0,0,0,0,0,0,0,0,0,0,0,1,0,0,0,0,1,2,1,38,15
IHOPE024_Liver_none_liveCD45.fcs,IHOPE024,Liver,none,CD56+,331,0,0,0,0,0,0,0,0,0,0,0,0,0,0,0,0,0,0,0,0,0,0,0,0,0,0,0,0,0,1,0,0,0,0,0,0,0,0,0,0,0,0,0,0,0,0,0,0,0,0,0,0,0,0,0,0,0,1,0,0,0,0,0,1,0,0,0,0,0,0,0,0,0,0,0,0,0,0,0,0,0,0,0,0,0,0,0,0,0,0,0,0,2,0,0,0,0,0,0,0,0,0,0,0,0,0,0,0,0,0,0,1,0,0,0,0,0,0,0,0,0,1,1,2,0,11,1,30,0,0,0,0,0,0,0,0,0,0,0,0,0,0,0,0,0,0,0,0,0,0,0,0,0,0,0,0,0,1,0,0,0,0,0,0,0,0,0,0,0,0,0,0,0,0,0,0,0,0,0,0,0,0,0,0,0,0,0,0,0,5,0,7,0,0,0,0,0,0,0,0,0,0,0,0,0,0,0,0,0,0,0,0,0,0,0,0,0,0,0,0,1,0,0,0,0,0,0,0,0,0,0,0,0,0,0,1,0,0,0,3,0,0,0,0,0,0,0,0,0,4,0,5,0,53,1,198
IHOPE025_Liver_PMA_I_Symphony_liveCD45cells.fcs,IHOPE025,Liver,PMA_I,CD56+,494,0,0,0,0,0,0,0,0,0,0,0,0,0,0,0,0,0,0,0,0,0,0,0,0,0,0,0,0,0,0,0,0,0,0,0,0,0,0,0,0,0,0,0,0,0,0,0,0,0,0,0,0,0,0,0,0,0,0,0,0,0,0,0,0,0,0,0,0,0,0,0,0,0,0,0,0,0,0,0,0,0,0,0,0,0,0,0,0,1,0,0,0,1,0,0,0,0,0,0,0,0,0,0,0,0,0,0,0,0,0,0,0,0,0,0,0,0,0,1,0,0,0,0,0,0,0,0,0,0,0,0,0,0,0,0,0,0,0,0,0,0,0,0,0,0,0,0,0,0,0,2,0,0,0,0,0,5,0,24,1,0,0,0,0,0,0,0,0,0,0,0,0,0,0,0,0,0,0,0,0,0,0,0,0,0,0,0,2,0,0,7,14,0,0,0,0,0,0,0,0,0,0,0,0,0,0,0,0,0,0,0,0,0,0,0,0,2,0,2,1,30,5,238,45,0,0,0,0,0,0,0,0,0,0,0,0,0,0,0,0,0,0,0,0,0,0,0,2,0,0,0,1,3,2,26,79
IHOPE025_Liver_none_Symphony_liveCD45cells.fcs,IHOPE025,Liver,none,CD56+,724,0,0,0,0,0,0,0,0,0,0,0,0,0,0,0,0,0,0,0,0,0,0,0,0,0,0,0,0,0,0,0,0,0,0,0,0,0,0,0,0,0,0,0,0,0,0,0,0,0,0,0,0,0,0,0,0,0,1,0,0,0,4,0,4,0,0,0,0,0,0,0,0,0,0,0,0,0,0,0,0,0,0,0,0,0,0,0,0,0,0,0,0,0,0,0,1,0,0,0,0,0,0,0,0,0,0,0,0,0,1,0,0,0,0,0,0,0,0,0,0,0,0,0,0,0,7,0,18,0,0,0,0,0,0,0,0,0,0,0,0,0,0,0,0,0,0,0,0,0,0,0,0,0,0,0,0,0,0,0,0,0,0,0,0,0,0,0,0,0,0,0,0,0,0,0,0,0,0,0,0,0,0,0,0,0,0,0,0,0,4,0,40,0,0,0,0,0,0,0,0,0,0,0,0,0,0,0,0,0,0,0,0,0,0,0,1,0,0,0,0,4,3,1,32,0,0,0,0,0,1,0,0,0,0,0,0,0,0,0,3,0,0,0,0,0,0,0,0,0,1,0,6,0,66,1,525
IHOPE006_Liver_PMA_I_Symphony_liveCD45.fcs,IHOPE006,Liver,PMA_I,CD56-,68,0,0,0,0,0,0,0,0,0,0,0,0,0,0,0,0,0,0,0,0,1,0,1,0,0,0,0,0,0,0,5,0,0,0,0,0,0,0,0,0,0,0,0,0,0,0,0,0,0,0,0,0,0,0,0,0,0,0,0,0,0,0,0,0,0,0,0,0,0,0,0,0,0,0,0,0,0,0,0,0,0,0,0,0,0,0,1,0,0,0,0,0,1,0,8,0,0,0,0,0,0,0,0,0,0,0,0,0,0,0,0,0,0,0,0,0,0,0,1,0,0,0,0,0,0,0,4,1,0,0,0,0,0,0,0,0,0,0,0,0,0,0,0,0,0,0,0,0,0,0,0,0,0,0,0,0,2,0,7,0,0,0,0,0,0,0,0,0,0,0,0,0,0,0,0,0,0,0,0,0,0,0,0,0,0,0,0,0,0,0,0,0,0,0,0,0,0,0,0,0,0,0,0,0,0,0,0,0,0,0,0,0,0,1,0,0,0,0,0,0,4,0,20,5,0,0,0,0,0,0,0,0,0,0,0,0,0,0,0,0,0,0,0,0,0,0,0,1,0,0,0,0,1,0,4,0
IHOPE006_Liver_none_Symphony_liveCD45.fcs,IHOPE006,Liver,none,CD56-,74,0,0,0,0,0,0,0,0,0,0,0,0,0,0,0,0,0,0,0,0,0,0,0,0,0,0,0,0,0,0,0,0,0,0,0,0,0,0,0,0,0,0,0,0,0,0,0,0,0,0,0,0,0,1,0,0,0,0,0,0,0,3,0,12,0,0,0,0,0,0,0,0,0,0,0,0,0,0,0,0,0,0,0,0,0,0,0,0,0,0,0,0,0,0,0,0,0,0,0,0,0,0,0,0,0,0,0,0,0,0,0,0,0,0,0,0,0,0,0,1,0,0,0,0,0,3,2,19,0,0,0,0,0,0,0,0,0,0,0,0,0,0,0,0,0,0,0,0,0,0,0,0,0,0,0,0,0,0,0,1,0,0,0,0,0,0,0,0,0,0,0,0,0,0,0,0,0,0,0,0,0,0,0,0,0,0,0,0,0,4,0,4,0,0,0,0,0,0,0,0,0,0,0,0,0,0,0,0,0,0,0,0,0,0,0,0,0,0,0,0,0,0,0,0,0,0,0,0,0,0,0,0,0,0,0,0,0,0,0,0,0,0,0,0,0,0,0,0,0,0,0,0,0,3,0,21
IHOPE007_Liver_PMA_I_Symphony_liveCD45.fcs,IHOPE007,Liver,PMA_I,CD56-,23,0,0,0,0,0,0,0,0,0,0,0,0,0,0,0,0,0,0,0,0,0,0,0,0,0,0,0,0,0,0,0,0,0,0,0,0,0,0,0,0,0,0,0,0,0,0,0,0,0,0,0,0,0,0,0,0,0,0,0,0,0,0,0,0,0,0,0,0,0,0,0,0,0,0,0,0,0,0,0,0,0,0,0,0,0,0,0,0,0,0,0,0,0,0,1,0,0,0,0,0,0,0,0,0,0,0,0,0,0,0,0,0,0,0,0,0,0,0,0,0,0,0,0,0,0,0,0,1,0,0,0,0,0,0,0,0,0,0,0,0,0,0,0,0,0,0,0,0,0,0,0,0,0,0,0,0,1,0,2,0,0,0,0,0,0,0,0,0,0,0,0,0,0,0,0,0,0,0,0,0,0,0,0,0,0,0,0,0,0,0,2,0,0,0,0,0,0,0,0,0,0,0,0,0,0,0,0,0,0,0,0,0,1,0,2,0,0,0,0,0,0,0,8,0,0,0,0,0,0,0,0,0,0,0,0,0,0,0,0,0,0,0,0,0,0,0,1,0,0,0,0,0,0,0,3,1
IHOPE007_Liver_none_Symphony_liveCD45.fcs,IHOPE007,Liver,none,CD56-,55,0,0,0,0,0,0,0,0,0,0,0,0,0,0,0,0,0,0,0,0,0,0,0,0,0,0,0,0,0,0,0,0,0,0,0,0,0,0,0,0,0,0,0,0,0,0,0,0,0,0,0,0,0,0,0,0,0,0,0,0,0,1,0,0,0,0,0,0,0,0,0,0,0,0,0,0,0,0,0,0,0,0,0,0,0,0,0,0,0,0,0,0,0,1,0,0,0,0,0,0,0,0,0,0,0,0,0,0,0,0,0,0,0,0,0,0,0,0,0,0,0,0,0,0,0,3,0,6,0,0,0,0,0,0,0,0,0,0,0,0,0,0,0,0,0,0,0,0,0,0,0,0,0,0,0,0,0,0,0,0,0,0,0,0,0,0,0,0,0,0,0,0,0,0,0,0,0,0,0,0,0,0,0,1,0,0,0,1,0,1,0,0,0,0,0,0,0,0,0,0,0,0,0,0,0,0,0,0,0,0,0,0,0,0,0,0,0,0,0,0,0,1,1,0,0,0,0,0,0,0,0,0,0,0,0,0,0,0,0,0,0,0,0,0,0,1,0,1,0,0,0,0,0,6,1,30
IHOPE009_Liver_PMA_I_Symphony_liveCD45.fcs,IHOPE009,Liver,PMA_I,CD56-,127,0,0,0,0,0,0,0,0,0,0,0,0,0,0,0,0,0,0,0,0,0,0,0,0,0,0,0,0,0,0,2,0,0,0,0,0,0,0,0,0,0,0,0,0,0,0,0,0,0,0,0,0,0,0,0,0,0,0,0,0,1,0,2,2,0,0,0,0,0,0,0,0,0,0,0,0,0,0,0,0,0,0,0,0,0,0,0,0,0,0,0,0,1,0,1,0,0,0,0,0,0,0,0,0,0,0,0,0,0,0,0,0,0,0,0,0,0,0,0,0,0,0,0,0,0,0,0,0,0,0,0,0,0,0,0,0,0,0,0,0,0,0,0,0,0,0,0,0,0,0,0,0,0,0,0,0,1,0,17,7,0,0,0,0,0,0,0,0,0,0,0,0,0,0,0,0,0,0,0,0,0,0,0,0,0,0,0,0,1,3,4,17,0,0,0,0,0,0,0,0,0,0,0,0,0,0,0,0,0,0,0,0,0,0,0,0,0,0,0,0,3,5,16,12,0,0,0,0,0,0,0,0,0,0,0,0,0,0,0,0,0,0,0,0,0,0,1,0,0,0,0,0,1,4,1,25
IHOPE009_Liver_none_Symphony_liveCD45.fcs,IHOPE009,Liver,none,CD56-,144,0,0,0,0,0,0,0,0,0,0,0,0,0,0,0,0,0,0,0,0,0,0,0,0,0,0,0,0,0,0,0,0,0,0,0,0,0,0,0,0,0,0,0,0,0,0,0,0,0,0,0,0,0,0,0,0,0,0,0,0,0,0,0,6,0,0,0,0,0,0,0,0,0,0,0,0,0,0,0,0,0,0,0,0,0,0,0,0,0,0,0,0,0,0,0,0,0,0,0,0,0,0,0,0,0,0,0,0,0,0,0,0,0,0,0,0,0,0,0,0,0,0,0,0,0,1,0,8,0,0,0,0,0,0,0,0,0,0,0,0,0,0,0,0,0,0,0,0,0,0,0,0,0,0,0,0,0,0,0,0,0,0,0,0,0,0,0,0,0,0,0,0,0,0,0,0,0,0,0,0,0,0,0,0,0,0,0,0,0,2,1,15,0,0,0,0,0,0,0,0,0,0,0,0,0,0,0,0,0,0,0,0,0,0,0,0,0,0,0,0,0,0,0,0,0,0,0,0,0,0,0,0,0,0,0,0,0,1,0,2,0,0,0,0,0,0,0,0,0,0,0,1,0,25,0,82
IHOPE011_Liver_PMA_I_Symphony_liveCD45.fcs,IHOPE011,Liver,PMA_I,CD56-,99,0,0,0,0,0,0,0,0,0,0,0,0,0,0,0,0,0,0,0,0,0,0,0,0,0,0,0,0,0,0,1,0,0,0,0,0,0,0,0,0,0,0,0,0,0,0,0,0,0,0,0,0,0,0,0,0,0,0,0,0,0,0,0,0,0,0,0,0,0,0,0,0,0,0,0,0,0,0,0,0,0,0,0,0,0,0,0,0,0,0,0,0,0,0,3,0,0,0,0,0,0,0,0,0,0,0,0,0,0,0,0,0,0,0,0,0,0,0,0,0,0,0,0,0,0,0,1,2,0,0,0,0,0,0,0,0,0,0,0,0,0,0,0,0,0,0,0,0,0,0,0,0,0,0,0,0,0,0,8,0,0,0,0,0,0,0,0,0,0,0,0,0,0,0,0,0,0,0,0,0,0,0,0,0,0,0,0,0,1,1,3,6,0,0,0,0,0,0,0,0,0,0,0,0,0,0,0,0,0,0,0,0,0,0,0,0,0,0,1,0,1,0,19,3,0,0,0,0,0,0,0,0,0,0,0,0,0,0,0,0,0,0,1,0,0,0,3,0,0,0,1,0,0,0,21,23
IHOPE011_Liver_none_Symphony_liveCD45.fcs,IHOPE011,Liver,none,CD56-,68,0,0,0,0,0,0,0,0,0,0,0,0,0,0,0,0,0,0,0,0,0,0,0,0,0,0,0,0,0,0,0,0,0,0,0,0,0,0,0,0,0,0,0,0,0,0,0,0,0,0,0,0,0,0,0,0,0,0,0,1,0,2,0,18,0,0,0,0,0,0,0,0,0,0,0,0,0,0,0,0,0,0,0,0,0,0,0,0,0,0,0,0,0,0,0,0,0,0,0,0,0,0,0,0,0,0,0,0,0,0,0,0,0,0,0,0,0,0,0,0,0,0,0,0,0,0,1,2,0,0,0,0,0,0,0,0,0,0,0,0,0,0,0,0,0,0,0,0,0,0,0,0,0,0,0,0,0,0,0,0,0,0,0,0,0,0,0,0,0,0,0,0,0,0,0,1,0,0,0,0,0,0,0,0,0,0,0,0,0,0,0,25,0,0,0,0,0,0,0,0,0,0,0,0,0,0,0,0,0,0,0,0,0,0,0,0,0,0,0,0,0,0,0,1,0,0,0,0,0,0,0,0,0,0,0,0,0,0,0,0,0,0,0,0,0,0,0,0,0,0,0,0,0,0,0,17
IHOPE012_Liver_PMA_I_Symphony_liveCD45cleaned.fcs,IHOPE012,Liver,PMA_I,CD56-,4039,0,0,0,0,0,0,0,0,0,0,0,0,0,0,1,0,0,0,0,0,1,0,14,1,0,0,1,0,13,1,79,7,0,0,0,0,0,0,0,0,0,0,0,0,0,0,0,0,0,0,0,0,1,0,7,2,0,0,0,0,2,2,32,64,0,0,0,0,0,0,0,0,0,0,0,0,0,0,1,0,0,0,0,0,5,0,52,2,0,0,1,0,35,5,361,65,0,0,0,0,0,0,1,0,0,0,0,0,0,0,0,0,0,0,0,0,4,0,22,10,0,0,0,1,14,22,166,524,0,0,0,0,0,0,1,0,0,0,0,0,0,0,0,0,0,0,0,0,0,0,7,1,0,0,0,0,4,0,63,8,0,0,0,0,0,0,0,0,0,0,0,0,0,0,0,0,0,0,0,0,0,0,4,0,0,0,0,0,4,2,23,56,0,0,0,0,0,0,0,0,0,0,0,0,0,0,3,0,0,0,0,0,9,0,62,6,1,0,0,0,24,9,617,154,0,0,0,0,0,0,1,0,0,0,0,0,0,0,1,0,0,0,0,0,3,2,40,14,0,0,0,0,11,14,347,1029
IHOPE012_Liver_none_Symphony_liveCD45cleaned.fcs,IHOPE012,Liver,none,CD56-,2608,0,0,0,0,0,0,0,0,0,0,0,0,0,0,0,1,0,0,0,0,0,0,0,2,0,0,0,0,0,0,1,22,0,0,0,0,0,0,0,0,0,0,0,0,0,0,0,3,0,0,0,0,0,0,0,1,0,0,0,0,2,21,4,221,0,0,0,0,0,0,0,0,0,0,0,0,0,0,0,0,0,0,0,0,0,1,0,0,0,0,0,0,6,2,8,34,0,0,0,0,0,0,0,1,0,0,0,0,1,1,0,5,0,0,0,0,0,2,0,13,0,0,0,0,8,58,37,1161,0,0,0,0,0,0,0,0,0,0,0,0,0,0,0,0,0,0,0,0,1,0,0,0,0,0,0,0,0,0,0,1,0,0,0,0,0,0,0,0,0,0,0,0,0,0,0,1,0,0,0,0,0,0,0,0,0,0,0,0,1,0,1,53,0,0,0,0,0,0,0,0,0,0,0,0,0,0,0,2,0,0,0,0,0,0,0,1,0,0,0,0,2,1,7,26,0,0,0,0,0,0,0,1,0,0,0,0,0,0,0,15,0,0,0,0,0,0,0,12,0,0,0,0,5,19,20,823
IHOPE013_Liver_PMA_I_Symphony_liveCD45.fcs,IHOPE013,Liver,PMA_I,CD56-,306,0,0,0,0,0,0,0,0,0,0,0,0,0,0,0,0,0,0,0,0,0,0,0,0,0,0,1,0,1,0,3,0,0,0,0,0,0,0,0,0,0,0,0,0,0,0,0,0,0,0,0,0,0,0,0,0,0,0,0,0,0,0,0,0,0,0,0,0,0,0,0,0,0,0,0,0,0,0,0,0,0,0,0,0,0,0,3,0,0,0,0,0,0,0,30,0,0,0,0,0,0,0,0,0,0,0,0,0,0,0,0,0,0,0,0,0,0,0,0,0,0,0,0,0,0,0,1,5,0,0,0,0,0,0,0,0,0,0,0,0,0,0,0,0,0,0,0,0,0,0,0,0,0,0,0,0,0,0,5,0,0,0,0,0,0,0,0,0,0,0,0,0,0,0,0,0,0,0,0,0,0,0,0,0,0,0,0,0,0,0,0,0,0,0,0,0,0,0,0,0,0,0,0,0,0,0,0,0,1,0,0,0,1,0,7,0,0,0,0,0,7,0,171,2,0,0,0,0,0,0,0,0,0,0,0,0,0,0,0,0,0,0,0,0,0,0,6,0,0,0,1,0,1,2,34,24
IHOPE013_Liver_none_Symphony_liveCD45.fcs,IHOPE013,Liver,none,CD56-,319,0,0,0,0,0,0,0,0,0,0,0,0,0,0,0,0,0,0,0,0,0,0,0,0,0,0,0,0,0,0,0,0,0,0,0,0,0,0,0,0,0,0,0,0,0,0,0,0,0,0,0,0,0,0,0,0,0,0,0,0,0,1,0,1,0,0,0,0,0,0,0,0,0,0,0,0,0,0,0,0,0,0,0,0,0,0,0,0,0,0,0,0,0,0,0,0,0,0,0,0,0,0,0,0,0,0,0,0,0,1,0,1,0,0,0,1,0,3,0,1,0,0,0,0,0,10,0,86,0,0,0,0,0,0,0,0,0,0,0,0,0,0,0,0,0,0,0,0,0,0,0,0,0,0,0,0,0,0,0,0,0,0,0,0,0,0,0,0,0,0,0,0,0,0,0,0,0,0,0,0,0,0,0,1,0,0,0,0,0,0,0,1,0,0,0,0,0,0,0,0,0,0,0,0,0,0,0,0,0,0,0,0,0,0,0,0,0,0,0,0,0,0,0,0,0,0,0,0,0,0,0,2,0,0,0,1,0,1,0,2,0,0,0,0,0,1,0,1,1,0,0,3,1,8,1,190
IHOPE014_Liver_PMA_I_Symphony_clean_liveCD45s.fcs,IHOPE014,Liver,PMA_I,CD56-,715,0,0,0,0,0,0,0,0,0,0,0,0,0,0,0,0,0,0,0,0,0,0,0,0,0,0,0,0,0,0,0,0,0,0,0,0,0,0,0,0,0,0,0,0,0,0,0,0,0,0,0,0,0,0,0,0,0,0,0,0,0,0,0,0,0,0,0,0,0,0,0,0,0,0,0,0,0,0,0,0,0,0,0,0,0,0,2,0,0,0,0,0,0,0,2,0,0,0,0,0,0,0,0,0,0,0,0,0,0,0,0,0,0,0,0,0,0,0,0,0,0,0,0,0,0,0,0,0,0,0,0,0,0,0,0,1,0,0,0,0,0,0,0,0,0,0,0,0,0,0,5,0,0,0,0,0,1,0,44,7,0,0,0,0,0,0,0,0,0,0,0,0,0,0,0,0,0,0,0,0,0,0,0,0,0,0,0,0,1,0,3,4,0,0,0,0,0,0,1,0,0,0,0,0,0,0,0,0,0,0,1,0,5,0,68,5,2,0,4,0,11,0,390,18,0,0,0,0,0,0,0,0,0,0,0,0,0,0,1,0,0,0,0,0,0,1,10,1,0,0,0,0,0,1,72,54
IHOPE014_Liver_none_Symphony_clean_liveCD45s.fcs,IHOPE014,Liver,none,CD56-,882,0,0,0,0,0,0,0,0,0,0,0,0,0,0,0,0,0,0,0,0,0,0,0,0,0,0,0,0,0,0,0,0,0,0,0,0,0,0,0,0,0,0,0,0,0,0,0,0,0,0,0,0,0,0,0,0,0,0,0,0,0,0,0,4,0,0,0,0,0,0,0,0,0,0,0,0,0,0,0,0,0,0,0,0,0,0,0,0,0,0,0,0,0,0,0,0,0,0,0,0,0,0,0,0,0,0,0,0,0,0,0,0,0,0,0,0,0,0,0,0,0,0,0,0,0,0,0,25,0,0,0,0,0,0,0,0,0,0,0,0,0,0,0,0,0,0,0,0,0,0,0,0,0,0,0,0,0,0,0,1,0,0,0,0,0,0,0,0,0,0,0,0,0,0,0,0,0,0,0,0,0,0,0,0,0,0,0,0,0,0,0,15,0,0,0,0,0,0,0,0,0,0,0,0,0,0,0,0,0,0,0,0,0,0,0,0,0,0,0,0,0,0,0,2,0,0,0,0,0,0,0,0,0,0,0,0,0,0,0,0,0,0,0,1,0,0,0,11,0,0,0,4,1,18,4,796
IHOPE015_Liver_PMA_I_Symphony_clean_liveCD45.fcs,IHOPE015,Liver,PMA_I,CD56-,1518,0,0,0,0,0,0,0,0,0,0,0,0,0,0,0,0,0,0,0,0,0,0,0,0,0,0,0,0,0,0,1,1,0,0,0,0,0,0,0,0,0,0,0,0,0,0,0,0,0,0,0,0,0,0,0,0,0,0,0,0,0,0,0,6,0,0,0,0,0,0,0,0,0,0,0,0,0,0,0,0,0,0,0,0,0,0,0,0,1,0,0,0,0,0,10,0,0,0,0,0,0,0,0,0,0,0,0,0,0,0,0,0,0,0,0,0,0,0,0,0,0,0,0,0,0,0,5,28,0,0,0,0,0,0,0,0,0,0,0,0,0,0,0,0,0,0,0,0,0,0,0,0,0,0,1,0,0,0,9,2,0,0,0,0,0,0,0,0,0,0,0,0,0,0,0,0,0,0,0,0,0,0,0,0,0,0,1,1,0,0,2,25,0,0,0,0,0,0,0,0,0,0,0,0,0,0,0,0,0,0,1,0,0,0,0,0,1,0,4,5,0,0,132,40,0,0,0,0,0,0,0,1,0,0,0,0,0,0,0,0,0,0,0,0,0,0,1,1,0,0,8,34,0,0,146,1051
IHOPE015_Liver_none_Symphony_clean_liveCD45.fcs,IHOPE015,Liver,none,CD56-,1023,0,0,0,0,0,0,0,0,0,0,0,0,0,0,0,0,0,0,0,0,0,0,0,0,0,0,0,0,0,0,0,0,0,0,0,0,0,0,0,0,0,0,0,0,0,0,0,0,0,0,0,0,0,0,0,0,0,0,0,0,0,0,0,2,0,0,0,0,0,0,0,0,0,0,0,0,0,0,0,0,0,0,0,0,0,0,0,0,0,0,0,0,0,0,0,0,0,0,0,0,0,0,0,0,0,0,0,0,0,0,0,0,0,0,0,0,0,0,0,0,0,0,0,0,0,0,0,15,0,0,0,0,0,0,0,0,0,0,0,0,0,0,0,0,0,0,0,0,0,0,0,0,0,0,0,0,0,0,0,0,0,0,0,0,0,0,0,0,0,0,0,0,0,0,0,0,0,0,0,0,0,0,0,0,0,0,0,1,0,0,0,24,0,0,0,0,0,0,0,0,0,0,0,0,0,0,0,0,0,0,0,0,0,0,0,0,0,0,0,0,0,0,0,2,0,0,0,0,0,0,0,2,0,0,0,0,0,0,0,2,0,0,0,0,0,0,0,4,0,0,0,6,0,0,2,963
IHOPE018_Liver_PMA_I_Symphony_liveCD45.fcs,IHOPE018,Liver,PMA_I,CD56-,163,0,0,0,0,0,0,0,0,0,0,0,0,0,0,0,0,0,0,0,0,0,0,0,0,0,0,0,0,0,0,0,0,0,0,0,0,0,0,0,0,0,0,0,0,0,0,0,0,0,0,0,0,0,0,0,0,0,0,0,0,0,0,0,0,0,0,0,0,0,0,0,0,0,0,0,0,0,0,0,0,0,0,0,0,0,0,0,0,0,0,0,0,0,0,0,0,0,0,0,0,0,0,0,1,0,0,0,0,0,0,0,0,0,0,0,0,0,0,0,0,0,0,0,0,0,1,0,2,0,0,0,0,0,0,0,0,0,0,0,0,0,0,0,0,0,0,0,0,0,0,0,0,0,0,0,0,0,0,0,0,0,0,0,0,0,0,0,0,0,0,0,0,0,0,0,0,0,0,0,0,0,0,0,0,0,0,0,0,0,0,0,0,0,0,0,0,0,0,0,0,0,0,0,0,0,0,0,0,0,0,0,0,0,0,1,0,0,0,0,0,0,0,1,1,0,0,0,0,0,1,0,0,0,0,0,0,0,0,0,0,0,0,0,0,0,0,0,2,0,0,1,0,1,1,13,137
IHOPE018_Liver_none_Symphony_liveCD45.fcs,IHOPE018,Liver,none,CD56-,164,0,0,0,0,0,0,0,0,0,0,0,0,0,0,0,0,0,0,0,0,0,0,0,0,0,0,0,0,0,0,0,0,0,0,0,0,0,0,0,0,0,0,0,0,0,0,0,0,0,0,0,0,0,0,0,0,0,0,0,0,0,0,0,0,0,0,0,0,0,0,0,0,0,0,0,0,0,0,0,0,0,0,0,0,0,0,0,0,0,0,0,0,0,0,0,0,0,0,0,0,0,0,0,0,0,0,0,0,0,0,0,0,0,0,0,0,0,0,0,0,0,0,0,0,1,1,0,4,0,0,0,0,0,0,0,0,0,0,0,0,0,0,0,0,0,0,0,0,0,0,0,0,0,0,0,0,0,0,0,0,0,0,0,0,0,0,0,0,0,0,0,0,0,0,0,0,0,0,0,0,0,0,0,0,0,0,0,0,0,0,0,1,0,0,0,0,0,0,0,0,0,0,0,0,0,0,0,0,0,0,0,0,0,0,0,0,0,0,0,0,0,0,1,1,0,0,0,0,0,0,0,3,0,0,0,0,0,0,0,0,0,0,0,0,0,0,0,5,0,0,0,1,1,8,0,137
IHOPE020_Liver_PMA_I_Symphony_liveCD45.fcs,IHOPE020,Liver,PMA_I,CD56-,1559,0,0,0,0,0,0,0,0,0,0,0,0,0,0,0,0,0,0,0,0,0,0,0,0,0,0,0,0,0,0,0,0,0,0,0,0,0,0,0,0,0,0,0,0,0,0,0,0,0,0,0,0,0,0,0,0,0,0,0,0,0,0,0,0,0,0,0,0,0,0,0,0,0,0,0,0,0,0,0,0,0,0,0,0,0,0,1,0,0,0,0,0,0,0,9,1,0,0,0,0,0,0,0,0,0,0,0,0,0,0,0,0,0,0,0,0,0,0,0,0,0,0,0,1,0,1,5,35,0,0,0,0,0,0,0,0,0,0,0,0,0,0,0,0,0,0,0,0,0,0,0,1,0,0,0,0,0,0,1,0,0,0,0,0,0,0,0,0,0,0,0,0,0,0,0,0,0,0,0,0,0,0,1,0,0,0,0,0,0,0,0,4,0,0,0,0,0,0,1,0,0,0,0,0,0,0,0,0,0,0,2,0,1,0,24,4,1,0,5,5,1,2,153,22,0,0,0,0,0,0,0,1,0,0,0,1,0,0,0,0,0,0,2,0,1,0,14,1,0,0,12,44,4,5,218,975
IHOPE020_Liver_none_Symphony_liveCD45.fcs,IHOPE020,Liver,none,CD56-,1288,0,0,0,0,0,0,0,0,0,0,0,0,0,0,0,0,0,0,0,0,0,0,0,0,0,0,0,0,0,0,0,0,0,0,0,0,0,0,0,0,0,0,0,0,0,0,0,0,0,0,0,0,0,0,0,0,0,0,0,0,0,0,0,0,0,0,0,0,0,0,0,0,0,0,0,0,0,0,0,0,0,0,0,0,0,0,0,0,0,0,0,1,0,0,0,0,0,0,0,0,0,0,0,0,0,0,0,0,0,0,0,1,0,0,0,0,0,0,0,0,0,0,0,1,0,5,1,52,0,0,0,0,0,0,0,0,0,0,0,0,0,0,0,0,0,0,0,0,0,0,0,0,0,0,0,0,0,0,0,0,0,0,0,0,0,0,0,0,0,0,0,0,0,0,0,0,0,0,0,0,0,0,0,0,0,0,0,0,0,0,0,3,0,0,0,0,0,0,0,0,0,0,0,0,0,0,0,0,0,0,0,0,0,0,0,0,0,0,0,0,0,0,0,1,0,0,0,0,0,0,0,1,0,0,0,0,0,0,0,4,0,0,0,0,0,0,0,1,0,1,0,15,3,28,20,1150
IHOPE024_Liver_PMA_I_liveCD45.fcs,IHOPE024,Liver,PMA_I,CD56-,62,0,0,0,0,0,0,0,0,0,0,0,0,0,0,0,0,0,0,0,0,0,0,0,0,0,0,0,0,0,0,0,0,0,0,0,0,0,0,0,0,0,0,0,0,0,0,0,0,0,0,0,0,0,0,0,0,0,0,0,0,0,0,0,0,0,0,0,0,0,0,0,0,0,0,0,0,0,0,1,0,0,0,0,0,0,0,0,0,0,0,0,0,0,0,0,0,0,0,0,0,0,0,0,0,0,0,0,0,0,0,0,0,0,0,0,0,0,0,0,0,0,0,0,0,0,0,0,0,0,0,0,0,0,0,0,0,0,0,0,0,0,0,0,0,0,0,0,0,0,0,0,0,0,0,0,0,0,0,1,0,0,0,0,0,0,0,0,0,0,0,0,0,0,0,0,0,0,0,0,0,0,0,0,0,0,0,0,0,0,0,0,0,0,0,0,0,0,0,0,0,0,0,1,0,0,0,2,0,0,0,0,0,0,0,0,0,0,0,0,0,0,0,32,2,0,0,0,0,0,0,0,0,0,0,0,0,0,0,0,0,0,0,0,0,0,0,0,0,0,0,0,0,0,0,12,11
IHOPE024_Liver_none_liveCD45.fcs,IHOPE024,Liver,none,CD56-,59,0,0,0,0,0,0,0,0,0,0,0,0,0,0,0,0,0,0,0,0,0,0,0,0,0,0,0,0,0,0,0,0,0,0,0,0,0,0,0,0,0,0,0,0,0,0,0,0,0,0,0,0,0,0,0,0,0,0,0,0,0,0,0,0,0,0,0,0,0,0,0,0,0,0,0,0,0,0,0,0,0,0,0,0,0,0,0,0,0,0,0,0,0,0,0,0,0,0,0,0,0,0,0,0,0,0,0,0,0,0,0,0,0,0,0,0,0,0,0,0,0,0,0,0,0,1,0,2,0,0,0,0,0,0,0,0,0,0,0,0,0,0,0,0,0,0,0,0,0,0,0,0,0,0,0,0,0,0,0,0,0,0,0,0,0,0,0,0,0,0,0,0,0,0,0,0,0,0,0,0,0,0,0,0,0,0,0,0,0,0,0,3,0,0,0,0,0,0,0,0,0,0,0,0,0,0,0,0,0,0,0,0,0,0,0,0,0,0,0,0,0,0,0,1,0,0,0,0,0,0,0,0,0,0,0,0,0,0,0,0,0,0,0,0,0,0,0,0,0,0,0,0,0,8,2,42
IHOPE025_Liver_PMA_I_Symphony_liveCD45cells.fcs,IHOPE025,Liver,PMA_I,CD56-,82,0,0,0,0,0,0,0,0,0,0,0,0,0,0,0,0,0,0,0,0,0,0,0,0,0,0,0,0,0,0,0,0,0,0,0,0,0,0,0,0,0,0,0,0,0,0,0,0,0,0,0,0,0,0,0,0,0,0,0,0,0,0,0,0,0,0,0,0,0,0,0,0,0,0,0,0,0,0,0,0,0,0,0,0,0,0,0,0,0,0,0,0,0,0,0,0,0,0,0,0,0,0,0,0,0,0,0,0,0,0,0,0,0,0,0,0,0,0,0,0,0,0,0,0,0,0,0,1,0,0,0,0,0,0,0,0,0,0,0,0,0,0,0,0,0,0,0,0,0,0,0,0,0,0,0,0,0,0,2,0,0,0,0,0,0,0,0,0,0,0,0,0,0,0,0,0,0,0,0,0,0,0,0,0,0,0,0,0,0,0,1,3,0,0,0,0,0,0,0,0,0,0,0,0,0,0,0,0,0,0,0,0,0,0,0,0,1,0,0,0,3,2,22,13,0,0,0,0,0,0,0,0,0,0,0,0,0,0,0,0,0,0,0,0,0,0,0,0,0,0,0,0,0,2,4,28
IHOPE025_Liver_none_Symphony_liveCD45cells.fcs,IHOPE025,Liver,none,CD56-,115,0,0,0,0,0,0,0,0,0,0,0,0,0,0,0,0,0,0,0,0,0,0,0,0,0,0,0,0,0,0,0,0,0,0,0,0,0,0,0,0,0,0,0,0,0,0,0,0,0,0,0,0,0,0,0,0,0,0,0,0,0,0,0,2,0,0,0,0,0,0,0,0,0,0,0,0,0,0,0,0,0,0,0,0,0,0,0,0,0,0,0,0,0,0,0,0,0,0,0,0,0,0,0,0,0,0,0,0,0,0,0,0,0,0,0,0,0,0,0,0,0,0,0,0,0,0,0,0,0,0,0,0,0,0,0,0,0,0,0,0,0,0,0,0,0,0,0,0,0,0,0,0,0,0,0,0,0,0,0,0,0,0,0,0,0,0,0,0,0,0,0,0,0,0,0,0,0,0,0,0,0,0,0,0,0,0,0,0,0,0,0,7,0,0,0,0,0,0,0,0,0,0,0,0,0,0,0,0,0,0,0,0,0,0,0,0,0,0,0,0,1,0,0,4,0,0,0,0,0,0,0,0,0,0,0,0,0,0,0,0,0,0,0,0,0,0,0,0,0,0,0,0,0,4,0,97